<?xml version = '1.0' encoding = 'UTF-8'?>
<FKIndexAssociation class="oracle.dbtools.crest.model.design.relational.FKIndexAssociation" directorySegmentName="seg_0" id="48E415EB-6D53-4558-6EC2-ED3AAE36C71A" containerWithKeyObject="F2C19DD9-D600-971B-7045-7B71ADA09B1E" localFKIndex="E7033A67-DDEA-FB98-40CC-9D2158207EED" name="SEGUIMIENTO_ORDEN_FK">
<createdBy>nicolas</createdBy>
<createdTime>2024-09-10 00:09:54 UTC</createdTime>
<generatorID>2ECD0907-741A-9B60-001E-943F7CAD1376</generatorID>
<ownerDesignName>Exp2_S5</ownerDesignName>
<referredTableLongName>ORDEN</referredTableLongName>
<deleteRule>NO ACTION</deleteRule>
<referredTableID>22F99857-862B-0E05-E31B-91C3BE4F7BFD</referredTableID>
<keyObject>69BC1E60-7717-1FBC-AC75-4412F7C2DDD7</keyObject>
<referredKeyID>69BC1E60-7717-1FBC-AC75-4412F7C2DDD7</referredKeyID>
<mandatory>true</mandatory>
<refColNames>cod_orden,VEHICULO_patente,VEHICULO_CLIENTE_rut</refColNames>
<transferable>true</transferable>
<rely>false</rely>
<columnDependencyConstraintGenerateInDDL>true</columnDependencyConstraintGenerateInDDL>
</FKIndexAssociation>