<?xml version = '1.0' encoding = 'UTF-8'?>
<FKIndexAssociation class="oracle.dbtools.crest.model.design.relational.FKIndexAssociation" directorySegmentName="seg_0" id="54E448F0-0308-D413-E4B3-0596F1A496AA" containerWithKeyObject="F515BD5B-CD36-52E7-2ED6-ADF4A4436882" localFKIndex="9B27F138-75AB-8CB8-68E7-013D326500E4" name="ESTADO_SEGUIMIENTO_FK">
<createdBy>nicolas</createdBy>
<createdTime>2024-09-08 13:03:05 UTC</createdTime>
<generatorID>A7118D07-3AFD-C8A9-26CC-191DFDCCD255</generatorID>
<ownerDesignName>Exp2_S5</ownerDesignName>
<referredTableLongName>SEGUIMIENTO</referredTableLongName>
<deleteRule>NO ACTION</deleteRule>
<referredTableID>F2C19DD9-D600-971B-7045-7B71ADA09B1E</referredTableID>
<keyObject>855C2946-46FE-7576-A114-500F0594F7F3</keyObject>
<referredKeyID>855C2946-46FE-7576-A114-500F0594F7F3</referredKeyID>
<mandatory>true</mandatory>
<refColNames>cod_seguimiento</refColNames>
<transferable>true</transferable>
<rely>false</rely>
<columnDependencyConstraintGenerateInDDL>true</columnDependencyConstraintGenerateInDDL>
</FKIndexAssociation>