<?xml version = '1.0' encoding = 'UTF-8'?>
<FKIndexAssociation class="oracle.dbtools.crest.model.design.relational.FKIndexAssociation" directorySegmentName="seg_0" id="7950B6B1-DA65-CE55-D01A-64D2ED0AB9D1" containerWithKeyObject="8B00FEA7-157D-912F-9DD5-C9D6454EB58E" localFKIndex="9516819E-9B2D-2A87-C832-0855E36A326B" name="REPUESTO_SERVICIO_FK">
<createdBy>nicolas</createdBy>
<createdTime>2024-09-08 13:03:05 UTC</createdTime>
<generatorID>79D705EB-24BD-9ADA-943B-DB23F28414AF</generatorID>
<ownerDesignName>Exp2_S5</ownerDesignName>
<referredTableLongName>SERVICIO</referredTableLongName>
<deleteRule>NO ACTION</deleteRule>
<referredTableID>291FE450-5C91-C1F8-3E18-32E5EB3A8B0A</referredTableID>
<keyObject>0760E2B3-5346-814D-50D8-F12A15763F91</keyObject>
<referredKeyID>0760E2B3-5346-814D-50D8-F12A15763F91</referredKeyID>
<mandatory>true</mandatory>
<refColNames>cod_servicio</refColNames>
<transferable>true</transferable>
<rely>false</rely>
<columnDependencyConstraintGenerateInDDL>true</columnDependencyConstraintGenerateInDDL>
</FKIndexAssociation>