<?xml version = '1.0' encoding = 'UTF-8'?>
<FKIndexAssociation class="oracle.dbtools.crest.model.design.relational.FKIndexAssociation" directorySegmentName="seg_0" id="859A6EE1-831F-E1A0-5519-E9E69F26D559" containerWithKeyObject="22F99857-862B-0E05-E31B-91C3BE4F7BFD" localFKIndex="4EC2085B-13D3-557D-97E0-377DF5ADBB2A" name="ORDEN_VEHICULO_FK">
<createdBy>nicolas</createdBy>
<createdTime>2024-09-08 13:03:05 UTC</createdTime>
<generatorID>DEEE0F19-846F-E643-BA72-295891793AAA</generatorID>
<ownerDesignName>Exp2_S5</ownerDesignName>
<referredTableLongName>VEHICULO</referredTableLongName>
<deleteRule>NO ACTION</deleteRule>
<referredTableID>968B87AC-7F69-6646-3C3B-9570CD12B8E8</referredTableID>
<keyObject>DFBB748D-80E8-7A45-C8E3-00E1DBEA08A6</keyObject>
<referredKeyID>DFBB748D-80E8-7A45-C8E3-00E1DBEA08A6</referredKeyID>
<mandatory>true</mandatory>
<refColNames>patente</refColNames>
<transferable>true</transferable>
<rely>false</rely>
<columnDependencyConstraintGenerateInDDL>true</columnDependencyConstraintGenerateInDDL>
</FKIndexAssociation>