<?xml version = '1.0' encoding = 'UTF-8'?>
<FKIndexAssociation class="oracle.dbtools.crest.model.design.relational.FKIndexAssociation" directorySegmentName="seg_0" id="9214502B-48D7-E410-BD8A-23CBC9F1701F" containerWithKeyObject="291FE450-5C91-C1F8-3E18-32E5EB3A8B0A" localFKIndex="925964BC-E4A4-67E1-C95D-1625541E4397" name="SERVICIO_ORDEN_FK">
<createdBy>nicolas</createdBy>
<createdTime>2024-09-10 00:09:54 UTC</createdTime>
<generatorID>DFB21B11-B7BF-449A-8BA9-4A98516AA173</generatorID>
<ownerDesignName>Exp2_S5</ownerDesignName>
<referredTableLongName>ORDEN</referredTableLongName>
<deleteRule>NO ACTION</deleteRule>
<referredTableID>22F99857-862B-0E05-E31B-91C3BE4F7BFD</referredTableID>
<keyObject>69BC1E60-7717-1FBC-AC75-4412F7C2DDD7</keyObject>
<referredKeyID>69BC1E60-7717-1FBC-AC75-4412F7C2DDD7</referredKeyID>
<mandatory>true</mandatory>
<refColNames>cod_orden,VEHICULO_patente,VEHICULO_CLIENTE_rut</refColNames>
<transferable>true</transferable>
<rely>false</rely>
<columnDependencyConstraintGenerateInDDL>true</columnDependencyConstraintGenerateInDDL>
</FKIndexAssociation>