<?xml version = '1.0' encoding = 'UTF-8'?>
<FKIndexAssociation class="oracle.dbtools.crest.model.design.relational.FKIndexAssociation" directorySegmentName="seg_0" id="C8DAAF59-03D9-6263-A45B-F7918A25E5EC" containerWithKeyObject="968B87AC-7F69-6646-3C3B-9570CD12B8E8" localFKIndex="D49F2B59-551D-1442-F878-6F060C0492BD" name="VEHICULO_CLIENTE_FK">
<createdBy>nicolas</createdBy>
<createdTime>2024-09-08 13:03:05 UTC</createdTime>
<generatorID>2CE7E4CB-9505-3F3F-B22A-18D292FFB324</generatorID>
<ownerDesignName>Exp2_S5</ownerDesignName>
<referredTableLongName>CLIENTE</referredTableLongName>
<deleteRule>NO ACTION</deleteRule>
<referredTableID>78F4E7AD-3B1A-0755-6106-D60A108C34FE</referredTableID>
<keyObject>2F807179-3C84-8048-88E9-4202C07A53A5</keyObject>
<referredKeyID>2F807179-3C84-8048-88E9-4202C07A53A5</referredKeyID>
<mandatory>true</mandatory>
<refColNames>rut</refColNames>
<transferable>true</transferable>
<rely>false</rely>
<columnDependencyConstraintGenerateInDDL>true</columnDependencyConstraintGenerateInDDL>
</FKIndexAssociation>