<?xml version = '1.0' encoding = 'UTF-8'?>
<FKIndexAssociation class="oracle.dbtools.crest.model.design.relational.FKIndexAssociation" directorySegmentName="seg_0" id="E6911A72-0CA4-8213-E8E3-031F1A126007" containerWithKeyObject="22F99857-862B-0E05-E31B-91C3BE4F7BFD" localFKIndex="B1914F7E-87CF-7A65-EC1F-2ABB71F6621A" name="ORDEN_SEGUIMIENTO_FK">
<createdBy>nicolas</createdBy>
<createdTime>2024-09-10 00:09:54 UTC</createdTime>
<generatorID>2ECD0907-741A-9B60-001E-943F7CAD1376</generatorID>
<ownerDesignName>Exp2_S5</ownerDesignName>
<referredTableLongName>SEGUIMIENTO</referredTableLongName>
<deleteRule>NO ACTION</deleteRule>
<referredTableID>F2C19DD9-D600-971B-7045-7B71ADA09B1E</referredTableID>
<keyObject>855C2946-46FE-7576-A114-500F0594F7F3</keyObject>
<referredKeyID>855C2946-46FE-7576-A114-500F0594F7F3</referredKeyID>
<mandatory>true</mandatory>
<refColNames>cod_seguimiento</refColNames>
<transferable>true</transferable>
<rely>false</rely>
<columnDependencyConstraintGenerateInDDL>true</columnDependencyConstraintGenerateInDDL>
</FKIndexAssociation>