<?xml version = '1.0' encoding = 'UTF-8'?>
<FKIndexAssociation class="oracle.dbtools.crest.model.design.relational.FKIndexAssociation" directorySegmentName="seg_0" id="F313395F-DAC5-F608-DD4F-9BBF95B2354B" containerWithKeyObject="22F99857-862B-0E05-E31B-91C3BE4F7BFD" localFKIndex="FF658FC1-AD32-5B80-EDDB-53FD62B4574A" name="ORDEN_SERVICIO_FK">
<createdBy>nicolas</createdBy>
<createdTime>2024-09-10 00:09:54 UTC</createdTime>
<generatorID>DFB21B11-B7BF-449A-8BA9-4A98516AA173</generatorID>
<ownerDesignName>Exp2_S5</ownerDesignName>
<referredTableLongName>SERVICIO</referredTableLongName>
<deleteRule>NO ACTION</deleteRule>
<referredTableID>291FE450-5C91-C1F8-3E18-32E5EB3A8B0A</referredTableID>
<keyObject>0760E2B3-5346-814D-50D8-F12A15763F91</keyObject>
<referredKeyID>0760E2B3-5346-814D-50D8-F12A15763F91</referredKeyID>
<mandatory>true</mandatory>
<refColNames>cod_servicio</refColNames>
<transferable>true</transferable>
<rely>false</rely>
<columnDependencyConstraintGenerateInDDL>true</columnDependencyConstraintGenerateInDDL>
</FKIndexAssociation>