<?xml version = '1.0' encoding = 'UTF-8'?>
<Relation class="oracle.dbtools.crest.model.design.logical.Relation" name="Relation_1" directorySegmentName="seg_0" id="2CE7E4CB-9505-3F3F-B22A-18D292FFB324">
<createdBy>nicolas</createdBy>
<createdTime>2024-09-08 12:53:24 UTC</createdTime>
<ownerDesignName>Exp2_S5</ownerDesignName>
<engineerTo>
<item key="09EF9F9C-FB6C-1546-1702-B315226EE3F3" value="true"/>
</engineerTo>
<sourcePk>4474E7E5-0B64-8D3B-6A9E-5D2226C3870B</sourcePk>
<identifying>true</identifying>
<optionalSource>false</optionalSource>
<optionalTarget>false</optionalTarget>
<sourceCardinality>1</sourceCardinality>
<sourceEntity>2DD68C2F-2B15-E2B0-6417-F41C9BBAD0CD</sourceEntity>
<targetCardinalityString>*</targetCardinalityString>
<targetEntity>AE3BCDE0-FD2A-1B39-0EB2-D9B6E110B71B</targetEntity>
<transferable>true</transferable>
<deleteRule>NO ACTION</deleteRule>
</Relation>