<?xml version = '1.0' encoding = 'UTF-8'?>
<Relation class="oracle.dbtools.crest.model.design.logical.Relation" name="Relation_5" directorySegmentName="seg_0" id="2ECD0907-741A-9B60-001E-943F7CAD1376">
<createdBy>nicolas</createdBy>
<createdTime>2024-09-08 12:58:37 UTC</createdTime>
<ownerDesignName>Exp2_S5</ownerDesignName>
<engineerTo>
<item key="09EF9F9C-FB6C-1546-1702-B315226EE3F3" value="true"/>
</engineerTo>
<sourcePk>78E6D7E9-21DE-C6D0-67E4-C29F22E8ED4E</sourcePk>
<targetPk>21E97C58-C88B-166B-1FF3-25D5F2994516</targetPk>
<identifying>false</identifying>
<optionalSource>false</optionalSource>
<optionalTarget>false</optionalTarget>
<sourceCardinality>1</sourceCardinality>
<sourceEntity>1E6998F4-1EAC-98AC-E942-AA2A3B154706</sourceEntity>
<targetCardinalityString>1</targetCardinalityString>
<targetEntity>E772D54F-D2CC-CFFB-DC01-4AC1C12CAE8F</targetEntity>
<transferable>true</transferable>
<deleteRule>NO ACTION</deleteRule>
</Relation>