<?xml version = '1.0' encoding = 'UTF-8'?>
<Relation class="oracle.dbtools.crest.model.design.logical.Relation" name="Relation_4" directorySegmentName="seg_0" id="79D705EB-24BD-9ADA-943B-DB23F28414AF">
<createdBy>nicolas</createdBy>
<createdTime>2024-09-08 12:55:24 UTC</createdTime>
<ownerDesignName>Exp2_S5</ownerDesignName>
<engineerTo>
<item key="09EF9F9C-FB6C-1546-1702-B315226EE3F3" value="true"/>
</engineerTo>
<sourcePk>C301D6CC-0115-2138-581A-2A77F286CE9A</sourcePk>
<identifying>true</identifying>
<optionalSource>false</optionalSource>
<optionalTarget>false</optionalTarget>
<sourceCardinality>1</sourceCardinality>
<sourceEntity>F409D94B-F9E5-79EB-A8A4-62B414B66632</sourceEntity>
<targetCardinalityString>*</targetCardinalityString>
<targetEntity>DDC609B8-B94E-A114-7377-391B73B7E385</targetEntity>
<transferable>true</transferable>
<deleteRule>NO ACTION</deleteRule>
</Relation>