<?xml version = '1.0' encoding = 'UTF-8'?>
<Relation class="oracle.dbtools.crest.model.design.logical.Relation" name="Relation_6" directorySegmentName="seg_0" id="A7118D07-3AFD-C8A9-26CC-191DFDCCD255">
<createdBy>nicolas</createdBy>
<createdTime>2024-09-08 13:00:13 UTC</createdTime>
<ownerDesignName>Exp2_S5</ownerDesignName>
<engineerTo>
<item key="09EF9F9C-FB6C-1546-1702-B315226EE3F3" value="true"/>
</engineerTo>
<sourcePk>21E97C58-C88B-166B-1FF3-25D5F2994516</sourcePk>
<identifying>true</identifying>
<optionalSource>false</optionalSource>
<optionalTarget>false</optionalTarget>
<sourceCardinality>1</sourceCardinality>
<sourceEntity>E772D54F-D2CC-CFFB-DC01-4AC1C12CAE8F</sourceEntity>
<targetCardinalityString>*</targetCardinalityString>
<targetEntity>6704EF1E-6937-C65B-7C62-D7A519AB891F</targetEntity>
<transferable>true</transferable>
<deleteRule>NO ACTION</deleteRule>
</Relation>