<?xml version = '1.0' encoding = 'UTF-8'?>
<Relation class="oracle.dbtools.crest.model.design.logical.Relation" name="Relation_2" directorySegmentName="seg_0" id="DEEE0F19-846F-E643-BA72-295891793AAA">
<createdBy>nicolas</createdBy>
<createdTime>2024-09-08 12:54:33 UTC</createdTime>
<ownerDesignName>Exp2_S5</ownerDesignName>
<engineerTo>
<item key="09EF9F9C-FB6C-1546-1702-B315226EE3F3" value="true"/>
</engineerTo>
<sourcePk>AFAE46D6-0DE3-72D8-F482-4FA84AE64493</sourcePk>
<identifying>true</identifying>
<optionalSource>false</optionalSource>
<optionalTarget>false</optionalTarget>
<sourceCardinality>1</sourceCardinality>
<sourceEntity>AE3BCDE0-FD2A-1B39-0EB2-D9B6E110B71B</sourceEntity>
<targetCardinalityString>*</targetCardinalityString>
<targetEntity>1E6998F4-1EAC-98AC-E942-AA2A3B154706</targetEntity>
<transferable>true</transferable>
<deleteRule>NO ACTION</deleteRule>
</Relation>