<?xml version = '1.0' encoding = 'UTF-8'?>
<Relation class="oracle.dbtools.crest.model.design.logical.Relation" name="Relation_3" directorySegmentName="seg_0" id="DFB21B11-B7BF-449A-8BA9-4A98516AA173">
<createdBy>nicolas</createdBy>
<createdTime>2024-09-08 12:54:51 UTC</createdTime>
<ownerDesignName>Exp2_S5</ownerDesignName>
<engineerTo>
<item key="09EF9F9C-FB6C-1546-1702-B315226EE3F3" value="true"/>
</engineerTo>
<sourcePk>78E6D7E9-21DE-C6D0-67E4-C29F22E8ED4E</sourcePk>
<targetPk>C301D6CC-0115-2138-581A-2A77F286CE9A</targetPk>
<identifying>false</identifying>
<optionalSource>false</optionalSource>
<optionalTarget>false</optionalTarget>
<sourceCardinality>1</sourceCardinality>
<sourceEntity>1E6998F4-1EAC-98AC-E942-AA2A3B154706</sourceEntity>
<targetCardinalityString>1</targetCardinalityString>
<targetEntity>F409D94B-F9E5-79EB-A8A4-62B414B66632</targetEntity>
<transferable>true</transferable>
<deleteRule>NO ACTION</deleteRule>
</Relation>