<?xml version = '1.0' encoding = 'UTF-8'?>
<Entity class="oracle.dbtools.crest.model.design.logical.Entity" directorySegmentName="seg_0" id="1E6998F4-1EAC-98AC-E942-AA2A3B154706" name="ORDEN">
<createdBy>nicolas</createdBy>
<createdTime>2024-09-08 12:39:39 UTC</createdTime>
<ownerDesignName>Exp2_S5</ownerDesignName>
<engineerTo>
<item key="09EF9F9C-FB6C-1546-1702-B315226EE3F3" value="true"/>
</engineerTo>
<adequatelyNormalized>NO</adequatelyNormalized>
<expectedVolumes>0</expectedVolumes>
<fwdEngineeringStrategyName>Single Table</fwdEngineeringStrategyName>
<growthPercent>0</growthPercent>
<growthType>Year</growthType>
<maxVolumes>9999999</maxVolumes>
<minVolumes>0</minVolumes>
<normalForm>Third</normalForm>
<attributes itemClass="oracle.dbtools.crest.model.design.logical.Attribute">
<Attribute name="cod_orden" id="D99C06EA-05FF-E43E-9FEA-CAE1DF760915">
<createdBy>nicolas</createdBy>
<createdTime>2024-09-08 12:39:47 UTC</createdTime>
<ownerDesignName>Exp2_S5</ownerDesignName>
<engineerTo>
<item key="09EF9F9C-FB6C-1546-1702-B315226EE3F3" value="true"/>
</engineerTo>
<useDomainConstraints>false</useDomainConstraints>
<use>1</use>
<logicalDatatype>LOGDT025</logicalDatatype>
<dataTypeSize>10 CHAR</dataTypeSize>
<ownDataTypeParameters>10 CHAR,,</ownDataTypeParameters>
</Attribute>
<Attribute name="fecha_orden" id="A5DADF0E-A3C6-7622-29D3-E56D2F6EB50D">
<createdBy>nicolas</createdBy>
<createdTime>2024-09-08 12:40:26 UTC</createdTime>
<ownerDesignName>Exp2_S5</ownerDesignName>
<engineerTo>
<item key="09EF9F9C-FB6C-1546-1702-B315226EE3F3" value="true"/>
</engineerTo>
<useDomainConstraints>false</useDomainConstraints>
<use>1</use>
<logicalDatatype>LOGDT007</logicalDatatype>
<ownDataTypeParameters>,,</ownDataTypeParameters>
</Attribute>
<Attribute name="patente" id="9F072BBD-46D7-F851-306D-D8143FFEF908">
<createdBy>nicolas</createdBy>
<createdTime>2024-09-08 12:54:33 UTC</createdTime>
<generatorID>DEEE0F19-846F-E643-BA72-295891793AAA</generatorID>
<ownerDesignName>Exp2_S5</ownerDesignName>
<engineerTo>
<item key="09EF9F9C-FB6C-1546-1702-B315226EE3F3" value="true"/>
</engineerTo>
<referedAttribute>FB1A1C2A-CAAA-C17E-EED1-B611866BED21</referedAttribute>
<useDomainConstraints>false</useDomainConstraints>
<use>1</use>
<logicalDatatype>LOGDT025</logicalDatatype>
<dataTypeSize>6 CHAR</dataTypeSize>
<ownDataTypeParameters>6 CHAR,,</ownDataTypeParameters>
</Attribute>
<Attribute name="cod_servicio" id="88F11C05-2DF2-C8C3-2787-B42B65E8A198">
<createdBy>nicolas</createdBy>
<createdTime>2024-09-08 12:54:55 UTC</createdTime>
<generatorID>DFB21B11-B7BF-449A-8BA9-4A98516AA173</generatorID>
<ownerDesignName>Exp2_S5</ownerDesignName>
<engineerTo>
<item key="09EF9F9C-FB6C-1546-1702-B315226EE3F3" value="true"/>
</engineerTo>
<referedAttribute>5E8D93EC-C703-97B3-04BE-04D265A3C3E0</referedAttribute>
<useDomainConstraints>false</useDomainConstraints>
<use>1</use>
<logicalDatatype>LOGDT025</logicalDatatype>
<dataTypeSize>10 CHAR</dataTypeSize>
<ownDataTypeParameters>10 CHAR,,</ownDataTypeParameters>
</Attribute>
<Attribute name="cod_seguimiento" id="37A84E8B-A556-E5D9-695C-68DA708A675C">
<createdBy>nicolas</createdBy>
<createdTime>2024-09-08 12:58:48 UTC</createdTime>
<generatorID>2ECD0907-741A-9B60-001E-943F7CAD1376</generatorID>
<ownerDesignName>Exp2_S5</ownerDesignName>
<engineerTo>
<item key="09EF9F9C-FB6C-1546-1702-B315226EE3F3" value="true"/>
</engineerTo>
<referedAttribute>B1B5A760-A464-1178-C7E2-903471D5A1E5</referedAttribute>
<useDomainConstraints>false</useDomainConstraints>
<use>1</use>
<logicalDatatype>LOGDT025</logicalDatatype>
<dataTypeSize>10 CHAR</dataTypeSize>
<ownDataTypeParameters>10 CHAR,,</ownDataTypeParameters>
</Attribute>
<Attribute name="rut" id="200D3110-888A-1BD9-DC21-85FC016E1165">
<createdBy>nicolas</createdBy>
<createdTime>2024-09-08 21:11:56 UTC</createdTime>
<generatorID>DEEE0F19-846F-E643-BA72-295891793AAA</generatorID>
<ownerDesignName>Exp2_S5</ownerDesignName>
<engineerTo>
<item key="09EF9F9C-FB6C-1546-1702-B315226EE3F3" value="true"/>
</engineerTo>
<referedAttribute>B1709A9E-A530-F43B-2933-E52E85BA27E8</referedAttribute>
<useDomainConstraints>false</useDomainConstraints>
<use>1</use>
<logicalDatatype>LOGDT025</logicalDatatype>
<dataTypeSize>9 CHAR</dataTypeSize>
<ownDataTypeParameters>,,</ownDataTypeParameters>
</Attribute>
</attributes>
<identifiers itemClass="oracle.dbtools.crest.model.design.logical.CandidateKey">
<identifier id="78E6D7E9-21DE-C6D0-67E4-C29F22E8ED4E" name="ORDEN PK">
<createdBy>nicolas</createdBy>
<createdTime>2024-09-08 12:44:47 UTC</createdTime>
<ownerDesignName>Exp2_S5</ownerDesignName>
<engineerTo>
<item key="09EF9F9C-FB6C-1546-1702-B315226EE3F3" value="true"/>
</engineerTo>
<pk>true</pk>
<usedAttributes>
<attributeRef>D99C06EA-05FF-E43E-9FEA-CAE1DF760915</attributeRef>
<attributeRef>9F072BBD-46D7-F851-306D-D8143FFEF908</attributeRef>
<attributeRef>200D3110-888A-1BD9-DC21-85FC016E1165</attributeRef>
</usedAttributes>
</identifier>
</identifiers>
</Entity>