<?xml version = '1.0' encoding = 'UTF-8'?>
<Entity class="oracle.dbtools.crest.model.design.logical.Entity" directorySegmentName="seg_0" id="2DD68C2F-2B15-E2B0-6417-F41C9BBAD0CD" name="CLIENTE">
<createdBy>nicolas</createdBy>
<createdTime>2024-09-08 12:29:50 UTC</createdTime>
<ownerDesignName>Exp2_S5</ownerDesignName>
<engineerTo>
<item key="09EF9F9C-FB6C-1546-1702-B315226EE3F3" value="true"/>
</engineerTo>
<adequatelyNormalized>NO</adequatelyNormalized>
<expectedVolumes>0</expectedVolumes>
<fwdEngineeringStrategyName>Single Table</fwdEngineeringStrategyName>
<growthPercent>0</growthPercent>
<growthType>Year</growthType>
<maxVolumes>9999999</maxVolumes>
<minVolumes>0</minVolumes>
<normalForm>Third</normalForm>
<attributes itemClass="oracle.dbtools.crest.model.design.logical.Attribute">
<Attribute name="rut" id="2F6CE3E1-704C-A138-0888-C22E12CA4120">
<createdBy>nicolas</createdBy>
<createdTime>2024-09-08 12:31:17 UTC</createdTime>
<ownerDesignName>Exp2_S5</ownerDesignName>
<engineerTo>
<item key="09EF9F9C-FB6C-1546-1702-B315226EE3F3" value="true"/>
</engineerTo>
<useDomainConstraints>false</useDomainConstraints>
<use>1</use>
<logicalDatatype>LOGDT025</logicalDatatype>
<dataTypeSize>9 CHAR</dataTypeSize>
<ownDataTypeParameters>9 CHAR,,</ownDataTypeParameters>
</Attribute>
<Attribute name="nombre_cliente" id="56E8265F-05BE-1464-9B67-C1D2446F78E5">
<createdBy>nicolas</createdBy>
<createdTime>2024-09-08 12:31:48 UTC</createdTime>
<ownerDesignName>Exp2_S5</ownerDesignName>
<engineerTo>
<item key="09EF9F9C-FB6C-1546-1702-B315226EE3F3" value="true"/>
</engineerTo>
<useDomainConstraints>false</useDomainConstraints>
<use>1</use>
<logicalDatatype>LOGDT024</logicalDatatype>
<dataTypeSize>16 BYTE</dataTypeSize>
<ownDataTypeParameters>16 BYTE,,</ownDataTypeParameters>
</Attribute>
<Attribute name="apellido_paterno" id="51FEA72D-7BC8-0407-B6B4-B264EC826893">
<createdBy>nicolas</createdBy>
<createdTime>2024-09-08 12:32:33 UTC</createdTime>
<ownerDesignName>Exp2_S5</ownerDesignName>
<engineerTo>
<item key="09EF9F9C-FB6C-1546-1702-B315226EE3F3" value="true"/>
</engineerTo>
<useDomainConstraints>false</useDomainConstraints>
<use>1</use>
<logicalDatatype>LOGDT024</logicalDatatype>
<dataTypeSize>16 BYTE</dataTypeSize>
<ownDataTypeParameters>16 BYTE,,</ownDataTypeParameters>
</Attribute>
<Attribute name="nombre_materno" id="E6D6A469-4B4D-99F3-4E8D-60E05137ABA5">
<createdBy>nicolas</createdBy>
<createdTime>2024-09-08 12:32:50 UTC</createdTime>
<ownerDesignName>Exp2_S5</ownerDesignName>
<engineerTo>
<item key="09EF9F9C-FB6C-1546-1702-B315226EE3F3" value="true"/>
</engineerTo>
<useDomainConstraints>false</useDomainConstraints>
<use>1</use>
<logicalDatatype>LOGDT024</logicalDatatype>
<dataTypeSize>16 BYTE</dataTypeSize>
<ownDataTypeParameters>16 BYTE,,</ownDataTypeParameters>
</Attribute>
<Attribute name="segundo_nombre" id="52ADB8EC-9D99-9213-F65C-8ED8301B8A24">
<createdBy>nicolas</createdBy>
<createdTime>2024-09-08 12:33:09 UTC</createdTime>
<ownerDesignName>Exp2_S5</ownerDesignName>
<engineerTo>
<item key="09EF9F9C-FB6C-1546-1702-B315226EE3F3" value="true"/>
</engineerTo>
<nullsAllowed>true</nullsAllowed>
<useDomainConstraints>false</useDomainConstraints>
<use>1</use>
<logicalDatatype>LOGDT024</logicalDatatype>
<dataTypeSize>16 BYTE</dataTypeSize>
<ownDataTypeParameters>16 BYTE,,</ownDataTypeParameters>
</Attribute>
<Attribute name="direccion" id="FBC6FFF9-A405-40D9-4FD3-7A8DC70E43E7">
<createdBy>nicolas</createdBy>
<createdTime>2024-09-08 12:33:51 UTC</createdTime>
<ownerDesignName>Exp2_S5</ownerDesignName>
<engineerTo>
<item key="09EF9F9C-FB6C-1546-1702-B315226EE3F3" value="true"/>
</engineerTo>
<useDomainConstraints>false</useDomainConstraints>
<use>1</use>
<logicalDatatype>LOGDT024</logicalDatatype>
<dataTypeSize>100 BYTE</dataTypeSize>
<ownDataTypeParameters>100 BYTE,,</ownDataTypeParameters>
</Attribute>
<Attribute name="telefono_contacto" id="1FE90053-D114-6118-4189-C9C53C59612B">
<createdBy>nicolas</createdBy>
<createdTime>2024-09-08 12:34:27 UTC</createdTime>
<ownerDesignName>Exp2_S5</ownerDesignName>
<engineerTo>
<item key="09EF9F9C-FB6C-1546-1702-B315226EE3F3" value="true"/>
</engineerTo>
<useDomainConstraints>false</useDomainConstraints>
<use>1</use>
<logicalDatatype>LOGDT019</logicalDatatype>
<dataTypePrecision>9</dataTypePrecision>
<ownDataTypeParameters>,9,</ownDataTypeParameters>
</Attribute>
<Attribute name="correo_electronico" id="42E89D7C-9EF0-DC11-9206-9406E337F7F9">
<createdBy>nicolas</createdBy>
<createdTime>2024-09-08 12:34:46 UTC</createdTime>
<ownerDesignName>Exp2_S5</ownerDesignName>
<engineerTo>
<item key="09EF9F9C-FB6C-1546-1702-B315226EE3F3" value="true"/>
</engineerTo>
<useDomainConstraints>false</useDomainConstraints>
<use>1</use>
<logicalDatatype>LOGDT024</logicalDatatype>
<dataTypeSize>20 BYTE</dataTypeSize>
<ownDataTypeParameters>20 BYTE,,</ownDataTypeParameters>
</Attribute>
</attributes>
<identifiers itemClass="oracle.dbtools.crest.model.design.logical.CandidateKey">
<identifier id="4474E7E5-0B64-8D3B-6A9E-5D2226C3870B" name="CLIENTE PK">
<createdBy>nicolas</createdBy>
<createdTime>2024-09-08 12:33:32 UTC</createdTime>
<ownerDesignName>Exp2_S5</ownerDesignName>
<engineerTo>
<item key="09EF9F9C-FB6C-1546-1702-B315226EE3F3" value="true"/>
</engineerTo>
<pk>true</pk>
<usedAttributes>
<attributeRef>2F6CE3E1-704C-A138-0888-C22E12CA4120</attributeRef>
</usedAttributes>
</identifier>
</identifiers>
</Entity>