<?xml version = '1.0' encoding = 'UTF-8'?>
<Entity class="oracle.dbtools.crest.model.design.logical.Entity" directorySegmentName="seg_0" id="6704EF1E-6937-C65B-7C62-D7A519AB891F" name="ESTADO">
<createdBy>nicolas</createdBy>
<createdTime>2024-09-08 12:47:11 UTC</createdTime>
<ownerDesignName>Exp2_S5</ownerDesignName>
<engineerTo>
<item key="09EF9F9C-FB6C-1546-1702-B315226EE3F3" value="true"/>
</engineerTo>
<adequatelyNormalized>NO</adequatelyNormalized>
<expectedVolumes>0</expectedVolumes>
<fwdEngineeringStrategyName>Single Table</fwdEngineeringStrategyName>
<growthPercent>0</growthPercent>
<growthType>Year</growthType>
<maxVolumes>9999999</maxVolumes>
<minVolumes>0</minVolumes>
<normalForm>Third</normalForm>
<attributes itemClass="oracle.dbtools.crest.model.design.logical.Attribute">
<Attribute name="cod_estado" id="AF6EB0A5-46A5-6B02-A4DA-DBC837B88F4F">
<createdBy>nicolas</createdBy>
<createdTime>2024-09-08 12:47:20 UTC</createdTime>
<ownerDesignName>Exp2_S5</ownerDesignName>
<engineerTo>
<item key="09EF9F9C-FB6C-1546-1702-B315226EE3F3" value="true"/>
</engineerTo>
<useDomainConstraints>false</useDomainConstraints>
<use>1</use>
<logicalDatatype>LOGDT025</logicalDatatype>
<dataTypeSize>10 CHAR</dataTypeSize>
<ownDataTypeParameters>10 CHAR,,</ownDataTypeParameters>
</Attribute>
<Attribute name="estado" id="AF5E782A-CA6E-A107-EEBE-CE756D489311">
<createdBy>nicolas</createdBy>
<createdTime>2024-09-08 12:47:34 UTC</createdTime>
<ownerDesignName>Exp2_S5</ownerDesignName>
<engineerTo>
<item key="09EF9F9C-FB6C-1546-1702-B315226EE3F3" value="true"/>
</engineerTo>
<useDomainConstraints>false</useDomainConstraints>
<use>1</use>
<logicalDatatype>LOGDT025</logicalDatatype>
<dataTypeSize>3 CHAR</dataTypeSize>
<ownDataTypeParameters>3 CHAR,,</ownDataTypeParameters>
</Attribute>
<Attribute name="cod_seguimiento" id="0F181F57-458E-12A8-BCE1-9A0B6EA53E32">
<createdBy>nicolas</createdBy>
<createdTime>2024-09-08 13:00:13 UTC</createdTime>
<generatorID>A7118D07-3AFD-C8A9-26CC-191DFDCCD255</generatorID>
<ownerDesignName>Exp2_S5</ownerDesignName>
<engineerTo>
<item key="09EF9F9C-FB6C-1546-1702-B315226EE3F3" value="true"/>
</engineerTo>
<referedAttribute>B1B5A760-A464-1178-C7E2-903471D5A1E5</referedAttribute>
<useDomainConstraints>false</useDomainConstraints>
<use>1</use>
<logicalDatatype>LOGDT025</logicalDatatype>
<dataTypeSize>10 CHAR</dataTypeSize>
<ownDataTypeParameters>,,</ownDataTypeParameters>
</Attribute>
</attributes>
<identifiers itemClass="oracle.dbtools.crest.model.design.logical.CandidateKey">
<identifier id="A1DDA701-0259-9F3A-663D-572E3BA033CD" name="ESTADO PK">
<createdBy>nicolas</createdBy>
<createdTime>2024-09-08 12:48:03 UTC</createdTime>
<ownerDesignName>Exp2_S5</ownerDesignName>
<engineerTo>
<item key="09EF9F9C-FB6C-1546-1702-B315226EE3F3" value="true"/>
</engineerTo>
<pk>true</pk>
<usedAttributes>
<attributeRef>AF6EB0A5-46A5-6B02-A4DA-DBC837B88F4F</attributeRef>
<attributeRef>0F181F57-458E-12A8-BCE1-9A0B6EA53E32</attributeRef>
</usedAttributes>
</identifier>
</identifiers>
</Entity>