<?xml version = '1.0' encoding = 'UTF-8'?>
<Entity class="oracle.dbtools.crest.model.design.logical.Entity" directorySegmentName="seg_0" id="DDC609B8-B94E-A114-7377-391B73B7E385" name="REPUESTO">
<createdBy>nicolas</createdBy>
<createdTime>2024-09-08 12:48:24 UTC</createdTime>
<ownerDesignName>Exp2_S5</ownerDesignName>
<engineerTo>
<item key="09EF9F9C-FB6C-1546-1702-B315226EE3F3" value="true"/>
</engineerTo>
<adequatelyNormalized>NO</adequatelyNormalized>
<expectedVolumes>0</expectedVolumes>
<fwdEngineeringStrategyName>Single Table</fwdEngineeringStrategyName>
<growthPercent>0</growthPercent>
<growthType>Year</growthType>
<maxVolumes>9999999</maxVolumes>
<minVolumes>0</minVolumes>
<normalForm>Third</normalForm>
<attributes itemClass="oracle.dbtools.crest.model.design.logical.Attribute">
<Attribute name="cod_repuesto" id="30FE34F3-B92B-6DC6-2E77-AA18F23407E9">
<createdBy>nicolas</createdBy>
<createdTime>2024-09-08 12:48:31 UTC</createdTime>
<ownerDesignName>Exp2_S5</ownerDesignName>
<engineerTo>
<item key="09EF9F9C-FB6C-1546-1702-B315226EE3F3" value="true"/>
</engineerTo>
<useDomainConstraints>false</useDomainConstraints>
<use>1</use>
<logicalDatatype>LOGDT025</logicalDatatype>
<dataTypeSize>10 CHAR</dataTypeSize>
<ownDataTypeParameters>10 CHAR,,</ownDataTypeParameters>
</Attribute>
<Attribute name="nombre_repuesto" id="7AD82C6C-2135-618F-03FC-0EFF9B6E3B21">
<createdBy>nicolas</createdBy>
<createdTime>2024-09-08 12:48:51 UTC</createdTime>
<ownerDesignName>Exp2_S5</ownerDesignName>
<engineerTo>
<item key="09EF9F9C-FB6C-1546-1702-B315226EE3F3" value="true"/>
</engineerTo>
<useDomainConstraints>false</useDomainConstraints>
<use>1</use>
<logicalDatatype>LOGDT024</logicalDatatype>
<dataTypeSize>20 BYTE</dataTypeSize>
<ownDataTypeParameters>20 BYTE,,</ownDataTypeParameters>
</Attribute>
<Attribute name="cantidad" id="AD575621-52F9-45AF-10D3-9D0AF7A5D3B4">
<createdBy>nicolas</createdBy>
<createdTime>2024-09-08 12:49:17 UTC</createdTime>
<ownerDesignName>Exp2_S5</ownerDesignName>
<engineerTo>
<item key="09EF9F9C-FB6C-1546-1702-B315226EE3F3" value="true"/>
</engineerTo>
<useDomainConstraints>false</useDomainConstraints>
<use>1</use>
<logicalDatatype>LOGDT019</logicalDatatype>
<dataTypePrecision>2</dataTypePrecision>
<ownDataTypeParameters>,2,</ownDataTypeParameters>
</Attribute>
<Attribute name="cod_servicio" id="DF8BD62B-A9C8-E68E-5283-B81842F762CE">
<createdBy>nicolas</createdBy>
<createdTime>2024-09-08 12:55:24 UTC</createdTime>
<generatorID>79D705EB-24BD-9ADA-943B-DB23F28414AF</generatorID>
<ownerDesignName>Exp2_S5</ownerDesignName>
<engineerTo>
<item key="09EF9F9C-FB6C-1546-1702-B315226EE3F3" value="true"/>
</engineerTo>
<referedAttribute>5E8D93EC-C703-97B3-04BE-04D265A3C3E0</referedAttribute>
<useDomainConstraints>false</useDomainConstraints>
<use>1</use>
<logicalDatatype>LOGDT025</logicalDatatype>
<dataTypeSize>10 CHAR</dataTypeSize>
<ownDataTypeParameters>,,</ownDataTypeParameters>
</Attribute>
</attributes>
<identifiers itemClass="oracle.dbtools.crest.model.design.logical.CandidateKey">
<identifier id="383D5F08-B0A5-65CF-EE76-CD1A8B3857F9" name="REPUESTO PK">
<createdBy>nicolas</createdBy>
<createdTime>2024-09-08 12:48:50 UTC</createdTime>
<ownerDesignName>Exp2_S5</ownerDesignName>
<engineerTo>
<item key="09EF9F9C-FB6C-1546-1702-B315226EE3F3" value="true"/>
</engineerTo>
<pk>true</pk>
<usedAttributes>
<attributeRef>30FE34F3-B92B-6DC6-2E77-AA18F23407E9</attributeRef>
<attributeRef>DF8BD62B-A9C8-E68E-5283-B81842F762CE</attributeRef>
</usedAttributes>
</identifier>
</identifiers>
</Entity>