<?xml version = '1.0' encoding = 'UTF-8'?>
<Entity class="oracle.dbtools.crest.model.design.logical.Entity" directorySegmentName="seg_0" id="F409D94B-F9E5-79EB-A8A4-62B414B66632" name="SERVICIO">
<createdBy>nicolas</createdBy>
<createdTime>2024-09-08 12:42:18 UTC</createdTime>
<ownerDesignName>Exp2_S5</ownerDesignName>
<engineerTo>
<item key="09EF9F9C-FB6C-1546-1702-B315226EE3F3" value="true"/>
</engineerTo>
<adequatelyNormalized>NO</adequatelyNormalized>
<expectedVolumes>0</expectedVolumes>
<fwdEngineeringStrategyName>Single Table</fwdEngineeringStrategyName>
<growthPercent>0</growthPercent>
<growthType>Year</growthType>
<maxVolumes>9999999</maxVolumes>
<minVolumes>0</minVolumes>
<normalForm>Third</normalForm>
<attributes itemClass="oracle.dbtools.crest.model.design.logical.Attribute">
<Attribute name="cod_servicio" id="5E8D93EC-C703-97B3-04BE-04D265A3C3E0">
<createdBy>nicolas</createdBy>
<createdTime>2024-09-08 12:42:27 UTC</createdTime>
<ownerDesignName>Exp2_S5</ownerDesignName>
<engineerTo>
<item key="09EF9F9C-FB6C-1546-1702-B315226EE3F3" value="true"/>
</engineerTo>
<useDomainConstraints>false</useDomainConstraints>
<use>1</use>
<logicalDatatype>LOGDT025</logicalDatatype>
<dataTypeSize>10 CHAR</dataTypeSize>
<ownDataTypeParameters>10 CHAR,,</ownDataTypeParameters>
</Attribute>
<Attribute name="detalle_servicio" id="A8930E7B-574C-2931-60C5-6A9970D6999C">
<createdBy>nicolas</createdBy>
<createdTime>2024-09-08 12:42:47 UTC</createdTime>
<ownerDesignName>Exp2_S5</ownerDesignName>
<engineerTo>
<item key="09EF9F9C-FB6C-1546-1702-B315226EE3F3" value="true"/>
</engineerTo>
<useDomainConstraints>false</useDomainConstraints>
<use>1</use>
<logicalDatatype>LOGDT024</logicalDatatype>
<dataTypeSize>100 BYTE</dataTypeSize>
<ownDataTypeParameters>100 BYTE,,</ownDataTypeParameters>
</Attribute>
<Attribute name="tipo_servicio" id="97733323-F3BD-B679-8054-462F65DB4741">
<createdBy>nicolas</createdBy>
<createdTime>2024-09-08 12:43:54 UTC</createdTime>
<ownerDesignName>Exp2_S5</ownerDesignName>
<engineerTo>
<item key="09EF9F9C-FB6C-1546-1702-B315226EE3F3" value="true"/>
</engineerTo>
<useDomainConstraints>false</useDomainConstraints>
<use>1</use>
<logicalDatatype>LOGDT024</logicalDatatype>
<dataTypeSize>30 BYTE</dataTypeSize>
<ownDataTypeParameters>30 BYTE,,</ownDataTypeParameters>
</Attribute>
<Attribute name="cod_orden" id="4509AE10-35A6-5599-B669-7ECDE75BE3E4">
<createdBy>nicolas</createdBy>
<createdTime>2024-09-08 12:54:51 UTC</createdTime>
<generatorID>DFB21B11-B7BF-449A-8BA9-4A98516AA173</generatorID>
<ownerDesignName>Exp2_S5</ownerDesignName>
<engineerTo>
<item key="09EF9F9C-FB6C-1546-1702-B315226EE3F3" value="true"/>
</engineerTo>
<referedAttribute>D99C06EA-05FF-E43E-9FEA-CAE1DF760915</referedAttribute>
<useDomainConstraints>false</useDomainConstraints>
<use>1</use>
<logicalDatatype>LOGDT025</logicalDatatype>
<dataTypeSize>10 CHAR</dataTypeSize>
<ownDataTypeParameters>10 CHAR,,</ownDataTypeParameters>
</Attribute>
<Attribute name="patente" id="7B3A8761-9D8C-3878-903B-9BAA93E86ECB">
<createdBy>nicolas</createdBy>
<createdTime>2024-09-08 13:09:34 UTC</createdTime>
<generatorID>DFB21B11-B7BF-449A-8BA9-4A98516AA173</generatorID>
<ownerDesignName>Exp2_S5</ownerDesignName>
<engineerTo>
<item key="09EF9F9C-FB6C-1546-1702-B315226EE3F3" value="true"/>
</engineerTo>
<referedAttribute>9F072BBD-46D7-F851-306D-D8143FFEF908</referedAttribute>
<useDomainConstraints>false</useDomainConstraints>
<use>1</use>
<logicalDatatype>LOGDT025</logicalDatatype>
<dataTypeSize>6 CHAR</dataTypeSize>
<ownDataTypeParameters>6 CHAR,,</ownDataTypeParameters>
</Attribute>
<Attribute name="rut" id="C9B21273-8A0E-4858-9F64-52691ABC1624">
<createdBy>nicolas</createdBy>
<createdTime>2024-09-08 21:11:56 UTC</createdTime>
<generatorID>DFB21B11-B7BF-449A-8BA9-4A98516AA173</generatorID>
<ownerDesignName>Exp2_S5</ownerDesignName>
<engineerTo>
<item key="09EF9F9C-FB6C-1546-1702-B315226EE3F3" value="true"/>
</engineerTo>
<referedAttribute>200D3110-888A-1BD9-DC21-85FC016E1165</referedAttribute>
<useDomainConstraints>false</useDomainConstraints>
<use>1</use>
<logicalDatatype>LOGDT025</logicalDatatype>
<dataTypeSize>9 CHAR</dataTypeSize>
<ownDataTypeParameters>,,</ownDataTypeParameters>
</Attribute>
</attributes>
<identifiers itemClass="oracle.dbtools.crest.model.design.logical.CandidateKey">
<identifier id="C301D6CC-0115-2138-581A-2A77F286CE9A" name="SERVICIO PK">
<createdBy>nicolas</createdBy>
<createdTime>2024-09-08 12:44:38 UTC</createdTime>
<ownerDesignName>Exp2_S5</ownerDesignName>
<engineerTo>
<item key="09EF9F9C-FB6C-1546-1702-B315226EE3F3" value="true"/>
</engineerTo>
<pk>true</pk>
<usedAttributes>
<attributeRef>5E8D93EC-C703-97B3-04BE-04D265A3C3E0</attributeRef>
</usedAttributes>
</identifier>
</identifiers>
</Entity>