<?xml version = '1.0' encoding = 'UTF-8'?>
<Diagram class="oracle.dbtools.crest.swingui.relational.DPVRelational" name="Relational_1" id="F2C49F5F-A47E-1C40-6798-061A2006C575">
<createdBy>nicolas</createdBy>
<modifiedBy>nicolas</modifiedBy>
<createdTime>2024-09-08 12:51:59 UTC</createdTime>
<autoRoute>false</autoRoute>
<boxInbox>true</boxInbox>
<showLegend>false</showLegend>
<showLabels>false</showLabels>
<showRelAttributes>false</showRelAttributes>
<gridEnabled>true</gridEnabled>
<showGrid>true</showGrid>
<diagramColor>-1</diagramColor>
<display>false</display>
<notation>1</notation>
<objectViews>
<OView class="oracle.dbtools.crest.swingui.relational.TVTable" oid="22F99857-862B-0E05-E31B-91C3BE4F7BFD" otype="Table" vid="FEFAF8FA-CC5A-08D9-0A95-5A42E83459CB">
<hideElementsInCurrentOnly>false</hideElementsInCurrentOnly>
<bounds x="350" y="30" width="361" height="211"/>
</OView>
<OView class="oracle.dbtools.crest.swingui.relational.TVTable" oid="291FE450-5C91-C1F8-3E18-32E5EB3A8B0A" otype="Table" vid="FCB38854-C8B3-A642-EF76-68DC43E50A58">
<hideElementsInCurrentOnly>false</hideElementsInCurrentOnly>
<bounds x="350" y="280" width="531" height="191"/>
</OView>
<OView class="oracle.dbtools.crest.swingui.relational.TVTable" oid="78F4E7AD-3B1A-0755-6106-D60A108C34FE" otype="Table" vid="40142B07-8377-2DB5-4893-4A4298ACB340">
<hideElementsInCurrentOnly>false</hideElementsInCurrentOnly>
<bounds x="10" y="280" width="271" height="151"/>
</OView>
<OView class="oracle.dbtools.crest.swingui.relational.TVTable" oid="8B00FEA7-157D-912F-9DD5-C9D6454EB58E" otype="Table" vid="B293BD56-888E-04ED-4642-989552C660C4">
<hideElementsInCurrentOnly>false</hideElementsInCurrentOnly>
<bounds x="350" y="530" width="301" height="131"/>
</OView>
<OView class="oracle.dbtools.crest.swingui.relational.TVTable" oid="968B87AC-7F69-6646-3C3B-9570CD12B8E8" otype="Table" vid="85CEB5C9-E5C2-DC35-7545-166929F66367">
<hideElementsInCurrentOnly>false</hideElementsInCurrentOnly>
<bounds x="10" y="30" width="251" height="151"/>
</OView>
<OView class="oracle.dbtools.crest.swingui.relational.TVTable" oid="F2C19DD9-D600-971B-7045-7B71ADA09B1E" otype="Table" vid="FA4AD7EF-AD96-1846-B579-51CD1EBDD551">
<hideElementsInCurrentOnly>false</hideElementsInCurrentOnly>
<bounds x="770" y="30" width="541" height="191"/>
</OView>
<OView class="oracle.dbtools.crest.swingui.relational.TVTable" oid="F515BD5B-CD36-52E7-2ED6-ADF4A4436882" otype="Table" vid="5FB5AE9C-3B65-22A8-E054-E9E7439528AF">
<hideElementsInCurrentOnly>false</hideElementsInCurrentOnly>
<bounds x="1000" y="290" width="331" height="131"/>
</OView>
</objectViews>
<connectors>
<Connector class="oracle.dbtools.crest.swingui.relational.TVFKRelation" oid="48E415EB-6D53-4558-6EC2-ED3AAE36C71A" otype="FKIndexAssociation" vid_source="FEFAF8FA-CC5A-08D9-0A95-5A42E83459CB" vid_target="FA4AD7EF-AD96-1846-B579-51CD1EBDD551">
<hideElementsInCurrentOnly>false</hideElementsInCurrentOnly>
<backgroundColor>-16777216</backgroundColor>
<lineWidth>1</lineWidth>
<points>
<point x="711" y="140"/>
<point x="770" y="140"/>
</points>
</Connector>
<Connector class="oracle.dbtools.crest.swingui.relational.TVFKRelation" oid="54E448F0-0308-D413-E4B3-0596F1A496AA" otype="FKIndexAssociation" vid_source="FA4AD7EF-AD96-1846-B579-51CD1EBDD551" vid_target="5FB5AE9C-3B65-22A8-E054-E9E7439528AF">
<hideElementsInCurrentOnly>false</hideElementsInCurrentOnly>
<backgroundColor>-16777216</backgroundColor>
<lineWidth>1</lineWidth>
<points>
<point x="1155" y="221"/>
<point x="1155" y="290"/>
</points>
</Connector>
<Connector class="oracle.dbtools.crest.swingui.relational.TVFKRelation" oid="7950B6B1-DA65-CE55-D01A-64D2ED0AB9D1" otype="FKIndexAssociation" vid_source="FCB38854-C8B3-A642-EF76-68DC43E50A58" vid_target="B293BD56-888E-04ED-4642-989552C660C4">
<hideElementsInCurrentOnly>false</hideElementsInCurrentOnly>
<backgroundColor>-16777216</backgroundColor>
<lineWidth>1</lineWidth>
<points>
<point x="500" y="471"/>
<point x="500" y="530"/>
</points>
</Connector>
<Connector class="oracle.dbtools.crest.swingui.relational.TVFKRelation" oid="859A6EE1-831F-E1A0-5519-E9E69F26D559" otype="FKIndexAssociation" vid_source="85CEB5C9-E5C2-DC35-7545-166929F66367" vid_target="FEFAF8FA-CC5A-08D9-0A95-5A42E83459CB">
<hideElementsInCurrentOnly>false</hideElementsInCurrentOnly>
<backgroundColor>-16777216</backgroundColor>
<lineWidth>1</lineWidth>
<points>
<point x="261" y="105"/>
<point x="350" y="105"/>
</points>
</Connector>
<Connector class="oracle.dbtools.crest.swingui.relational.TVFKRelation" oid="9214502B-48D7-E410-BD8A-23CBC9F1701F" otype="FKIndexAssociation" vid_source="FEFAF8FA-CC5A-08D9-0A95-5A42E83459CB" vid_target="FCB38854-C8B3-A642-EF76-68DC43E50A58">
<hideElementsInCurrentOnly>false</hideElementsInCurrentOnly>
<backgroundColor>-16777216</backgroundColor>
<lineWidth>1</lineWidth>
<points>
<point x="545" y="241"/>
<point x="545" y="280"/>
</points>
</Connector>
<Connector class="oracle.dbtools.crest.swingui.relational.TVFKRelation" oid="C8DAAF59-03D9-6263-A45B-F7918A25E5EC" otype="FKIndexAssociation" vid_source="40142B07-8377-2DB5-4893-4A4298ACB340" vid_target="85CEB5C9-E5C2-DC35-7545-166929F66367">
<hideElementsInCurrentOnly>false</hideElementsInCurrentOnly>
<backgroundColor>-16777216</backgroundColor>
<lineWidth>1</lineWidth>
<points>
<point x="135" y="280"/>
<point x="135" y="181"/>
</points>
</Connector>
<Connector class="oracle.dbtools.crest.swingui.relational.TVFKRelation" oid="E6911A72-0CA4-8213-E8E3-031F1A126007" otype="FKIndexAssociation" vid_source="FA4AD7EF-AD96-1846-B579-51CD1EBDD551" vid_target="FEFAF8FA-CC5A-08D9-0A95-5A42E83459CB">
<hideElementsInCurrentOnly>false</hideElementsInCurrentOnly>
<backgroundColor>-16777216</backgroundColor>
<lineWidth>1</lineWidth>
<points>
<point x="770" y="125"/>
<point x="711" y="125"/>
</points>
</Connector>
<Connector class="oracle.dbtools.crest.swingui.relational.TVFKRelation" oid="F313395F-DAC5-F608-DD4F-9BBF95B2354B" otype="FKIndexAssociation" vid_source="FCB38854-C8B3-A642-EF76-68DC43E50A58" vid_target="FEFAF8FA-CC5A-08D9-0A95-5A42E83459CB">
<hideElementsInCurrentOnly>false</hideElementsInCurrentOnly>
<backgroundColor>-16777216</backgroundColor>
<lineWidth>1</lineWidth>
<points>
<point x="530" y="280"/>
<point x="530" y="241"/>
</points>
</Connector>
</connectors>
</Diagram>