<?xml version = '1.0' encoding = 'UTF-8'?>
<Diagram class="oracle.dbtools.crest.swingui.logical.DPVLogical" name="Logical" id="467E7268-F5FB-CF07-6DA9-D09547BA6E84">
<createdBy>nicolas</createdBy>
<modifiedBy>nicolas</modifiedBy>
<createdTime>2024-09-08 12:29:47 UTC</createdTime>
<autoRoute>false</autoRoute>
<boxInbox>true</boxInbox>
<showLegend>false</showLegend>
<showLabels>false</showLabels>
<showRelAttributes>false</showRelAttributes>
<gridEnabled>true</gridEnabled>
<showGrid>true</showGrid>
<diagramColor>-1</diagramColor>
<display>false</display>
<notation>0</notation>
<objectViews>
<OView class="oracle.dbtools.crest.swingui.logical.TVEntity" oid="1E6998F4-1EAC-98AC-E942-AA2A3B154706" otype="Entity" vid="B57E111E-36BD-5BE1-60D2-32044B5D4BD7">
<hideElementsInCurrentOnly>false</hideElementsInCurrentOnly>
<bounds x="360" y="40" width="231" height="141"/>
</OView>
<OView class="oracle.dbtools.crest.swingui.logical.TVEntity" oid="2DD68C2F-2B15-E2B0-6417-F41C9BBAD0CD" otype="Entity" vid="833378EE-D08B-ABE1-88A7-1043DFF2C03C">
<hideElementsInCurrentOnly>false</hideElementsInCurrentOnly>
<bounds x="10" y="280" width="231" height="151"/>
</OView>
<OView class="oracle.dbtools.crest.swingui.logical.TVEntity" oid="6704EF1E-6937-C65B-7C62-D7A519AB891F" otype="Entity" vid="A70F4619-3A77-C141-FD47-D5D27416302D">
<hideElementsInCurrentOnly>false</hideElementsInCurrentOnly>
<bounds x="1050" y="40" width="231" height="141"/>
</OView>
<OView class="oracle.dbtools.crest.swingui.logical.TVEntity" oid="AE3BCDE0-FD2A-1B39-0EB2-D9B6E110B71B" otype="Entity" vid="017282C8-89D0-EA42-45A0-C9FAF3A18F8C">
<hideElementsInCurrentOnly>false</hideElementsInCurrentOnly>
<bounds x="10" y="40" width="231" height="141"/>
</OView>
<OView class="oracle.dbtools.crest.swingui.logical.TVEntity" oid="DDC609B8-B94E-A114-7377-391B73B7E385" otype="Entity" vid="BFB6B54C-F8D4-E01C-FD9E-7CA29F978851">
<hideElementsInCurrentOnly>false</hideElementsInCurrentOnly>
<bounds x="710" y="280" width="231" height="110"/>
</OView>
<OView class="oracle.dbtools.crest.swingui.logical.TVEntity" oid="E772D54F-D2CC-CFFB-DC01-4AC1C12CAE8F" otype="Entity" vid="A58F222E-1E07-DCAC-3CBD-19EBEBE7B090">
<hideElementsInCurrentOnly>false</hideElementsInCurrentOnly>
<bounds x="710" y="40" width="231" height="141"/>
</OView>
<OView class="oracle.dbtools.crest.swingui.logical.TVEntity" oid="F409D94B-F9E5-79EB-A8A4-62B414B66632" otype="Entity" vid="526EA0BA-491B-651D-8A93-78A3925C8155">
<hideElementsInCurrentOnly>false</hideElementsInCurrentOnly>
<bounds x="360" y="280" width="231" height="131"/>
</OView>
</objectViews>
<connectors>
<Connector class="oracle.dbtools.crest.swingui.logical.TVRelation" oid="2CE7E4CB-9505-3F3F-B22A-18D292FFB324" otype="Relation" vid_source="833378EE-D08B-ABE1-88A7-1043DFF2C03C" vid_target="017282C8-89D0-EA42-45A0-C9FAF3A18F8C">
<hideElementsInCurrentOnly>false</hideElementsInCurrentOnly>
<backgroundColor>-16777216</backgroundColor>
<lineWidth>1</lineWidth>
<points>
<point x="125" y="280"/>
<point x="125" y="181"/>
</points>
</Connector>
<Connector class="oracle.dbtools.crest.swingui.logical.TVRelation" oid="2ECD0907-741A-9B60-001E-943F7CAD1376" otype="Relation" vid_source="B57E111E-36BD-5BE1-60D2-32044B5D4BD7" vid_target="A58F222E-1E07-DCAC-3CBD-19EBEBE7B090">
<hideElementsInCurrentOnly>false</hideElementsInCurrentOnly>
<backgroundColor>-16777216</backgroundColor>
<lineWidth>1</lineWidth>
<points>
<point x="591" y="110"/>
<point x="710" y="110"/>
</points>
</Connector>
<Connector class="oracle.dbtools.crest.swingui.logical.TVRelation" oid="79D705EB-24BD-9ADA-943B-DB23F28414AF" otype="Relation" vid_source="526EA0BA-491B-651D-8A93-78A3925C8155" vid_target="BFB6B54C-F8D4-E01C-FD9E-7CA29F978851">
<hideElementsInCurrentOnly>false</hideElementsInCurrentOnly>
<backgroundColor>-16777216</backgroundColor>
<lineWidth>1</lineWidth>
<points>
<point x="591" y="335"/>
<point x="710" y="335"/>
</points>
</Connector>
<Connector class="oracle.dbtools.crest.swingui.logical.TVRelation" oid="A7118D07-3AFD-C8A9-26CC-191DFDCCD255" otype="Relation" vid_source="A58F222E-1E07-DCAC-3CBD-19EBEBE7B090" vid_target="A70F4619-3A77-C141-FD47-D5D27416302D">
<hideElementsInCurrentOnly>false</hideElementsInCurrentOnly>
<backgroundColor>-16777216</backgroundColor>
<lineWidth>1</lineWidth>
<points>
<point x="941" y="110"/>
<point x="1050" y="110"/>
</points>
</Connector>
<Connector class="oracle.dbtools.crest.swingui.logical.TVRelation" oid="DEEE0F19-846F-E643-BA72-295891793AAA" otype="Relation" vid_source="017282C8-89D0-EA42-45A0-C9FAF3A18F8C" vid_target="B57E111E-36BD-5BE1-60D2-32044B5D4BD7">
<hideElementsInCurrentOnly>false</hideElementsInCurrentOnly>
<backgroundColor>-16777216</backgroundColor>
<lineWidth>1</lineWidth>
<points>
<point x="241" y="110"/>
<point x="360" y="110"/>
</points>
</Connector>
<Connector class="oracle.dbtools.crest.swingui.logical.TVRelation" oid="DFB21B11-B7BF-449A-8BA9-4A98516AA173" otype="Relation" vid_source="B57E111E-36BD-5BE1-60D2-32044B5D4BD7" vid_target="526EA0BA-491B-651D-8A93-78A3925C8155">
<hideElementsInCurrentOnly>false</hideElementsInCurrentOnly>
<backgroundColor>-16777216</backgroundColor>
<lineWidth>1</lineWidth>
<points>
<point x="475" y="181"/>
<point x="475" y="280"/>
</points>
</Connector>
</connectors>
</Diagram>