<?xml version = '1.0' encoding = 'UTF-8'?>
<Table class="oracle.dbtools.crest.model.design.relational.Table" directorySegmentName="seg_0" id="22F99857-862B-0E05-E31B-91C3BE4F7BFD" name="ORDEN">
<createdBy>nicolas</createdBy>
<createdTime>2024-09-08 13:03:04 UTC</createdTime>
<generatorID>1E6998F4-1EAC-98AC-E942-AA2A3B154706</generatorID>
<ownerDesignName>Exp2_S5</ownerDesignName>
<allowColumnReorder>false</allowColumnReorder>
<existDependencyGenerateInDDl>true</existDependencyGenerateInDDl>
<parsed>true</parsed>
<columns itemClass="oracle.dbtools.crest.model.design.relational.Column">
<Column name="cod_orden" id="775F8254-E949-A9AA-6B2B-0790399E1C8C">
<createdBy>nicolas</createdBy>
<createdTime>2024-09-08 13:03:04 UTC</createdTime>
<generatorID>D99C06EA-05FF-E43E-9FEA-CAE1DF760915</generatorID>
<ownerDesignName>Exp2_S5</ownerDesignName>
<useDomainConstraints>false</useDomainConstraints>
<use>1</use>
<logicalDatatype>LOGDT025</logicalDatatype>
<dataTypeSize>10 CHAR</dataTypeSize>
<ownDataTypeParameters>10 CHAR,,</ownDataTypeParameters>
<autoIncrementCycle>false</autoIncrementCycle>
</Column>
<Column name="fecha_orden" id="EB1C8DA7-295E-2F45-44FF-31CFF452FD8A">
<createdBy>nicolas</createdBy>
<createdTime>2024-09-08 13:03:04 UTC</createdTime>
<generatorID>A5DADF0E-A3C6-7622-29D3-E56D2F6EB50D</generatorID>
<ownerDesignName>Exp2_S5</ownerDesignName>
<useDomainConstraints>false</useDomainConstraints>
<use>1</use>
<logicalDatatype>LOGDT007</logicalDatatype>
<ownDataTypeParameters>,,</ownDataTypeParameters>
<autoIncrementCycle>false</autoIncrementCycle>
</Column>
<Column name="VEHICULO_patente" id="92B7B109-FFB8-8B3F-3CBD-22713326C4D9">
<createdBy>nicolas</createdBy>
<createdTime>2024-09-08 13:03:04 UTC</createdTime>
<generatorID>9F072BBD-46D7-F851-306D-D8143FFEF908</generatorID>
<ownerDesignName>Exp2_S5</ownerDesignName>
<useDomainConstraints>false</useDomainConstraints>
<use>1</use>
<logicalDatatype>LOGDT025</logicalDatatype>
<dataTypeSize>6 CHAR</dataTypeSize>
<ownDataTypeParameters>6 CHAR,,</ownDataTypeParameters>
<previousColumn>false</previousColumn>
<autoIncrementCycle>false</autoIncrementCycle>
<associations>
<colAssociation fkAssociation="859A6EE1-831F-E1A0-5519-E9E69F26D559" referredColumn="2CA4E33B-A5F4-25E4-5412-AC5175DA0968"/>
</associations>
</Column>
<Column name="SERVICIO_cod_servicio" id="C8036BA5-1602-CA02-C567-A607A709F21F">
<createdBy>nicolas</createdBy>
<createdTime>2024-09-08 13:03:04 UTC</createdTime>
<generatorID>88F11C05-2DF2-C8C3-2787-B42B65E8A198</generatorID>
<ownerDesignName>Exp2_S5</ownerDesignName>
<useDomainConstraints>false</useDomainConstraints>
<use>1</use>
<logicalDatatype>LOGDT025</logicalDatatype>
<dataTypeSize>10 CHAR</dataTypeSize>
<ownDataTypeParameters>10 CHAR,,</ownDataTypeParameters>
<previousColumn>false</previousColumn>
<autoIncrementCycle>false</autoIncrementCycle>
<associations>
<colAssociation fkAssociation="F313395F-DAC5-F608-DD4F-9BBF95B2354B" referredColumn="CDEF95F9-5493-65CC-FF2F-3B74EFE39724"/>
</associations>
</Column>
<Column name="SEGUIMIENTO_cod_seguimiento" id="82CD0DD2-932D-44BD-3640-833763D63F56">
<createdBy>nicolas</createdBy>
<createdTime>2024-09-08 13:03:04 UTC</createdTime>
<generatorID>37A84E8B-A556-E5D9-695C-68DA708A675C</generatorID>
<ownerDesignName>Exp2_S5</ownerDesignName>
<useDomainConstraints>false</useDomainConstraints>
<use>1</use>
<logicalDatatype>LOGDT025</logicalDatatype>
<dataTypeSize>10 CHAR</dataTypeSize>
<ownDataTypeParameters>10 CHAR,,</ownDataTypeParameters>
<previousColumn>false</previousColumn>
<autoIncrementCycle>false</autoIncrementCycle>
<associations>
<colAssociation fkAssociation="E6911A72-0CA4-8213-E8E3-031F1A126007" referredColumn="0E141E6E-0C91-ACAC-DD62-0AC945739EAF"/>
</associations>
</Column>
<Column name="VEHICULO_CLIENTE_rut" id="9CE811A4-5E9F-E13A-CDA7-462C6918D63E">
<createdBy>nicolas</createdBy>
<createdTime>2024-09-08 21:13:58 UTC</createdTime>
<generatorID>200D3110-888A-1BD9-DC21-85FC016E1165</generatorID>
<ownerDesignName>Exp2_S5</ownerDesignName>
<useDomainConstraints>false</useDomainConstraints>
<use>1</use>
<logicalDatatype>LOGDT025</logicalDatatype>
<dataTypeSize>9 CHAR</dataTypeSize>
<ownDataTypeParameters>9 CHAR,,</ownDataTypeParameters>
<previousColumn>false</previousColumn>
<autoIncrementCycle>false</autoIncrementCycle>
<associations>
<colAssociation fkAssociation="859A6EE1-831F-E1A0-5519-E9E69F26D559" referredColumn="4F23C761-3A45-C956-A60C-1D9940D7AEB2"/>
</associations>
</Column>
</columns>
<indexes itemClass="oracle.dbtools.crest.model.design.relational.Index">
<ind_PK_UK id="69BC1E60-7717-1FBC-AC75-4412F7C2DDD7" name="ORDEN_PK">
<createdBy>nicolas</createdBy>
<createdTime>2024-09-08 13:03:04 UTC</createdTime>
<generatorID>78E6D7E9-21DE-C6D0-67E4-C29F22E8ED4E</generatorID>
<ownerDesignName>Exp2_S5</ownerDesignName>
<pk>true</pk>
<indexState>Primary Constraint</indexState>
<isSurrogateKey>false</isSurrogateKey>
<indexColumnUsage>
<colUsage columnID="775F8254-E949-A9AA-6B2B-0790399E1C8C"/>
<colUsage columnID="92B7B109-FFB8-8B3F-3CBD-22713326C4D9"/>
<colUsage columnID="9CE811A4-5E9F-E13A-CDA7-462C6918D63E"/>
</indexColumnUsage>
</ind_PK_UK>
<ind_PK_UK id="E9907811-B573-5624-CECA-52FC7C659830" name="ORDEN__IDX">
<createdBy>nicolas</createdBy>
<createdTime>2024-09-08 13:03:05 UTC</createdTime>
<ownerDesignName>Exp2_S5</ownerDesignName>
<indexState>Unique Plain Index</indexState>
<isSurrogateKey>false</isSurrogateKey>
<relationGeneratorID>DFB21B11-B7BF-449A-8BA9-4A98516AA173</relationGeneratorID>
<indexColumnUsage>
<colUsage columnID="C8036BA5-1602-CA02-C567-A607A709F21F"/>
</indexColumnUsage>
</ind_PK_UK>
<ind_PK_UK id="F74F45B3-256B-62D1-69A9-10491F116DA3" name="ORDEN__IDXv1">
<createdBy>nicolas</createdBy>
<createdTime>2024-09-08 13:03:05 UTC</createdTime>
<ownerDesignName>Exp2_S5</ownerDesignName>
<indexState>Unique Plain Index</indexState>
<isSurrogateKey>false</isSurrogateKey>
<relationGeneratorID>2ECD0907-741A-9B60-001E-943F7CAD1376</relationGeneratorID>
<indexColumnUsage>
<colUsage columnID="82CD0DD2-932D-44BD-3640-833763D63F56"/>
</indexColumnUsage>
</ind_PK_UK>
<ind_PK_UK id="4EC2085B-13D3-557D-97E0-377DF5ADBB2A" name="ORDEN_VEHICULO_FK">
<createdBy>nicolas</createdBy>
<createdTime>2024-09-08 13:03:05 UTC</createdTime>
<generatorID>DEEE0F19-846F-E643-BA72-295891793AAA</generatorID>
<ownerDesignName>Exp2_S5</ownerDesignName>
<indexState>Foreign Key</indexState>
<isSurrogateKey>false</isSurrogateKey>
<indexColumnUsage>
<colUsage columnID="92B7B109-FFB8-8B3F-3CBD-22713326C4D9"/>
<colUsage columnID="9CE811A4-5E9F-E13A-CDA7-462C6918D63E"/>
</indexColumnUsage>
</ind_PK_UK>
<ind_PK_UK id="FF658FC1-AD32-5B80-EDDB-53FD62B4574A" name="ORDEN_SERVICIO_FK">
<createdBy>nicolas</createdBy>
<createdTime>2024-09-10 00:09:54 UTC</createdTime>
<generatorID>DFB21B11-B7BF-449A-8BA9-4A98516AA173</generatorID>
<ownerDesignName>Exp2_S5</ownerDesignName>
<indexState>Foreign Key</indexState>
<isSurrogateKey>false</isSurrogateKey>
<indexColumnUsage>
<colUsage columnID="C8036BA5-1602-CA02-C567-A607A709F21F"/>
</indexColumnUsage>
</ind_PK_UK>
<ind_PK_UK id="B1914F7E-87CF-7A65-EC1F-2ABB71F6621A" name="ORDEN_SEGUIMIENTO_FK">
<createdBy>nicolas</createdBy>
<createdTime>2024-09-10 00:09:54 UTC</createdTime>
<generatorID>2ECD0907-741A-9B60-001E-943F7CAD1376</generatorID>
<ownerDesignName>Exp2_S5</ownerDesignName>
<indexState>Foreign Key</indexState>
<isSurrogateKey>false</isSurrogateKey>
<indexColumnUsage>
<colUsage columnID="82CD0DD2-932D-44BD-3640-833763D63F56"/>
</indexColumnUsage>
</ind_PK_UK>
</indexes>
</Table>