<?xml version = '1.0' encoding = 'UTF-8'?>
<Table class="oracle.dbtools.crest.model.design.relational.Table" directorySegmentName="seg_0" id="291FE450-5C91-C1F8-3E18-32E5EB3A8B0A" name="SERVICIO">
<createdBy>nicolas</createdBy>
<createdTime>2024-09-08 13:03:04 UTC</createdTime>
<generatorID>F409D94B-F9E5-79EB-A8A4-62B414B66632</generatorID>
<ownerDesignName>Exp2_S5</ownerDesignName>
<allowColumnReorder>false</allowColumnReorder>
<existDependencyGenerateInDDl>true</existDependencyGenerateInDDl>
<parsed>true</parsed>
<columns itemClass="oracle.dbtools.crest.model.design.relational.Column">
<Column name="cod_servicio" id="CDEF95F9-5493-65CC-FF2F-3B74EFE39724">
<createdBy>nicolas</createdBy>
<createdTime>2024-09-08 13:03:04 UTC</createdTime>
<generatorID>5E8D93EC-C703-97B3-04BE-04D265A3C3E0</generatorID>
<ownerDesignName>Exp2_S5</ownerDesignName>
<useDomainConstraints>false</useDomainConstraints>
<use>1</use>
<logicalDatatype>LOGDT025</logicalDatatype>
<dataTypeSize>10 CHAR</dataTypeSize>
<ownDataTypeParameters>10 CHAR,,</ownDataTypeParameters>
<autoIncrementCycle>false</autoIncrementCycle>
</Column>
<Column name="detalle_servicio" id="DC5347DB-CD7A-AFF1-AC6C-F0DB2A8B4B70">
<createdBy>nicolas</createdBy>
<createdTime>2024-09-08 13:03:04 UTC</createdTime>
<generatorID>A8930E7B-574C-2931-60C5-6A9970D6999C</generatorID>
<ownerDesignName>Exp2_S5</ownerDesignName>
<useDomainConstraints>false</useDomainConstraints>
<use>1</use>
<logicalDatatype>LOGDT024</logicalDatatype>
<dataTypeSize>100 BYTE</dataTypeSize>
<ownDataTypeParameters>100 BYTE,,</ownDataTypeParameters>
<autoIncrementCycle>false</autoIncrementCycle>
</Column>
<Column name="tipo_servicio" id="77EA2FE8-85A3-D051-145A-CB01E992D274">
<createdBy>nicolas</createdBy>
<createdTime>2024-09-08 13:03:04 UTC</createdTime>
<generatorID>97733323-F3BD-B679-8054-462F65DB4741</generatorID>
<ownerDesignName>Exp2_S5</ownerDesignName>
<useDomainConstraints>false</useDomainConstraints>
<use>1</use>
<logicalDatatype>LOGDT024</logicalDatatype>
<dataTypeSize>30 BYTE</dataTypeSize>
<ownDataTypeParameters>30 BYTE,,</ownDataTypeParameters>
<autoIncrementCycle>false</autoIncrementCycle>
</Column>
<Column name="ORDEN_cod_orden" id="FF65577C-7014-3A8E-5CF5-00D29B3BF7CE">
<createdBy>nicolas</createdBy>
<createdTime>2024-09-08 13:03:04 UTC</createdTime>
<generatorID>4509AE10-35A6-5599-B669-7ECDE75BE3E4</generatorID>
<ownerDesignName>Exp2_S5</ownerDesignName>
<useDomainConstraints>false</useDomainConstraints>
<use>1</use>
<logicalDatatype>LOGDT025</logicalDatatype>
<dataTypeSize>10 CHAR</dataTypeSize>
<ownDataTypeParameters>10 CHAR,,</ownDataTypeParameters>
<previousColumn>false</previousColumn>
<autoIncrementCycle>false</autoIncrementCycle>
<associations>
<colAssociation fkAssociation="9214502B-48D7-E410-BD8A-23CBC9F1701F" referredColumn="775F8254-E949-A9AA-6B2B-0790399E1C8C"/>
</associations>
</Column>
<Column name="ORDEN_VEHICULO_patente" id="BB1C96A5-8480-649D-BDF4-D824A41EABCF">
<createdBy>nicolas</createdBy>
<createdTime>2024-09-08 13:18:18 UTC</createdTime>
<generatorID>7B3A8761-9D8C-3878-903B-9BAA93E86ECB</generatorID>
<ownerDesignName>Exp2_S5</ownerDesignName>
<useDomainConstraints>false</useDomainConstraints>
<use>1</use>
<logicalDatatype>LOGDT025</logicalDatatype>
<dataTypeSize>6 CHAR</dataTypeSize>
<ownDataTypeParameters>6 CHAR,,</ownDataTypeParameters>
<previousColumn>false</previousColumn>
<autoIncrementCycle>false</autoIncrementCycle>
<associations>
<colAssociation fkAssociation="9214502B-48D7-E410-BD8A-23CBC9F1701F" referredColumn="92B7B109-FFB8-8B3F-3CBD-22713326C4D9"/>
</associations>
</Column>
<Column name="ORDEN_VEHICULO_CLIENTE_rut" id="332DEB1E-2509-AEF2-C8B5-69F078AC6FD8">
<createdBy>nicolas</createdBy>
<createdTime>2024-09-08 21:13:58 UTC</createdTime>
<generatorID>C9B21273-8A0E-4858-9F64-52691ABC1624</generatorID>
<ownerDesignName>Exp2_S5</ownerDesignName>
<useDomainConstraints>false</useDomainConstraints>
<use>1</use>
<logicalDatatype>LOGDT025</logicalDatatype>
<dataTypeSize>9 CHAR</dataTypeSize>
<ownDataTypeParameters>9 CHAR,,</ownDataTypeParameters>
<previousColumn>false</previousColumn>
<autoIncrementCycle>false</autoIncrementCycle>
<associations>
<colAssociation fkAssociation="9214502B-48D7-E410-BD8A-23CBC9F1701F" referredColumn="9CE811A4-5E9F-E13A-CDA7-462C6918D63E"/>
</associations>
</Column>
</columns>
<indexes itemClass="oracle.dbtools.crest.model.design.relational.Index">
<ind_PK_UK id="0760E2B3-5346-814D-50D8-F12A15763F91" name="SERVICIO_PK">
<createdBy>nicolas</createdBy>
<createdTime>2024-09-08 13:03:05 UTC</createdTime>
<generatorID>C301D6CC-0115-2138-581A-2A77F286CE9A</generatorID>
<ownerDesignName>Exp2_S5</ownerDesignName>
<pk>true</pk>
<indexState>Primary Constraint</indexState>
<isSurrogateKey>false</isSurrogateKey>
<indexColumnUsage>
<colUsage columnID="CDEF95F9-5493-65CC-FF2F-3B74EFE39724"/>
</indexColumnUsage>
</ind_PK_UK>
<ind_PK_UK id="6D086D75-26B7-9705-903B-35C709482374" name="SERVICIO__IDX">
<createdBy>nicolas</createdBy>
<createdTime>2024-09-08 13:03:05 UTC</createdTime>
<ownerDesignName>Exp2_S5</ownerDesignName>
<indexState>Unique Plain Index</indexState>
<isSurrogateKey>false</isSurrogateKey>
<relationGeneratorID>DFB21B11-B7BF-449A-8BA9-4A98516AA173</relationGeneratorID>
<indexColumnUsage>
<colUsage columnID="FF65577C-7014-3A8E-5CF5-00D29B3BF7CE"/>
</indexColumnUsage>
</ind_PK_UK>
<ind_PK_UK id="03E93D9D-A7AA-F067-B9EC-5EA7DF3FCFEC" name="SERVICIO__IDX">
<createdBy>nicolas</createdBy>
<createdTime>2024-09-08 13:18:18 UTC</createdTime>
<ownerDesignName>Exp2_S5</ownerDesignName>
<indexState>Unique Plain Index</indexState>
<isSurrogateKey>false</isSurrogateKey>
<relationGeneratorID>DFB21B11-B7BF-449A-8BA9-4A98516AA173</relationGeneratorID>
<indexColumnUsage>
<colUsage columnID="FF65577C-7014-3A8E-5CF5-00D29B3BF7CE"/>
<colUsage columnID="BB1C96A5-8480-649D-BDF4-D824A41EABCF"/>
</indexColumnUsage>
</ind_PK_UK>
<ind_PK_UK id="EF70D289-1F98-8CFA-A0D0-249BDED4B982" name="SERVICIO__IDX">
<createdBy>nicolas</createdBy>
<createdTime>2024-09-08 21:13:58 UTC</createdTime>
<ownerDesignName>Exp2_S5</ownerDesignName>
<indexState>Unique Plain Index</indexState>
<isSurrogateKey>false</isSurrogateKey>
<relationGeneratorID>DFB21B11-B7BF-449A-8BA9-4A98516AA173</relationGeneratorID>
<indexColumnUsage>
<colUsage columnID="FF65577C-7014-3A8E-5CF5-00D29B3BF7CE"/>
<colUsage columnID="BB1C96A5-8480-649D-BDF4-D824A41EABCF"/>
<colUsage columnID="332DEB1E-2509-AEF2-C8B5-69F078AC6FD8"/>
</indexColumnUsage>
</ind_PK_UK>
<ind_PK_UK id="925964BC-E4A4-67E1-C95D-1625541E4397" name="SERVICIO_ORDEN_FK">
<createdBy>nicolas</createdBy>
<createdTime>2024-09-10 00:09:54 UTC</createdTime>
<generatorID>DFB21B11-B7BF-449A-8BA9-4A98516AA173</generatorID>
<ownerDesignName>Exp2_S5</ownerDesignName>
<indexState>Foreign Key</indexState>
<isSurrogateKey>false</isSurrogateKey>
<indexColumnUsage>
<colUsage columnID="FF65577C-7014-3A8E-5CF5-00D29B3BF7CE"/>
<colUsage columnID="BB1C96A5-8480-649D-BDF4-D824A41EABCF"/>
<colUsage columnID="332DEB1E-2509-AEF2-C8B5-69F078AC6FD8"/>
</indexColumnUsage>
</ind_PK_UK>
</indexes>
</Table>