<?xml version = '1.0' encoding = 'UTF-8'?>
<Table class="oracle.dbtools.crest.model.design.relational.Table" directorySegmentName="seg_0" id="78F4E7AD-3B1A-0755-6106-D60A108C34FE" name="CLIENTE">
<createdBy>nicolas</createdBy>
<createdTime>2024-09-08 13:03:04 UTC</createdTime>
<generatorID>2DD68C2F-2B15-E2B0-6417-F41C9BBAD0CD</generatorID>
<ownerDesignName>Exp2_S5</ownerDesignName>
<allowColumnReorder>false</allowColumnReorder>
<existDependencyGenerateInDDl>true</existDependencyGenerateInDDl>
<parsed>true</parsed>
<columns itemClass="oracle.dbtools.crest.model.design.relational.Column">
<Column name="rut" id="F374D936-698B-B9B8-1C45-FA78AA77036C">
<createdBy>nicolas</createdBy>
<createdTime>2024-09-08 13:03:04 UTC</createdTime>
<generatorID>2F6CE3E1-704C-A138-0888-C22E12CA4120</generatorID>
<ownerDesignName>Exp2_S5</ownerDesignName>
<useDomainConstraints>false</useDomainConstraints>
<use>1</use>
<logicalDatatype>LOGDT025</logicalDatatype>
<dataTypeSize>9 CHAR</dataTypeSize>
<ownDataTypeParameters>9 CHAR,,</ownDataTypeParameters>
<autoIncrementCycle>false</autoIncrementCycle>
</Column>
<Column name="nombre_cliente" id="A95BC69B-5A56-668A-9B08-095B75D59AB2">
<createdBy>nicolas</createdBy>
<createdTime>2024-09-08 13:03:04 UTC</createdTime>
<generatorID>56E8265F-05BE-1464-9B67-C1D2446F78E5</generatorID>
<ownerDesignName>Exp2_S5</ownerDesignName>
<useDomainConstraints>false</useDomainConstraints>
<use>1</use>
<logicalDatatype>LOGDT024</logicalDatatype>
<dataTypeSize>16 BYTE</dataTypeSize>
<ownDataTypeParameters>16 BYTE,,</ownDataTypeParameters>
<autoIncrementCycle>false</autoIncrementCycle>
</Column>
<Column name="apellido_paterno" id="EA6C661B-99D9-5878-C439-B64A4F9F1667">
<createdBy>nicolas</createdBy>
<createdTime>2024-09-08 13:03:04 UTC</createdTime>
<generatorID>51FEA72D-7BC8-0407-B6B4-B264EC826893</generatorID>
<ownerDesignName>Exp2_S5</ownerDesignName>
<useDomainConstraints>false</useDomainConstraints>
<use>1</use>
<logicalDatatype>LOGDT024</logicalDatatype>
<dataTypeSize>16 BYTE</dataTypeSize>
<ownDataTypeParameters>16 BYTE,,</ownDataTypeParameters>
<autoIncrementCycle>false</autoIncrementCycle>
</Column>
<Column name="nombre_materno" id="5669BDDB-FFE6-0B1A-FDC9-09E0066A3FBE">
<createdBy>nicolas</createdBy>
<createdTime>2024-09-08 13:03:04 UTC</createdTime>
<generatorID>E6D6A469-4B4D-99F3-4E8D-60E05137ABA5</generatorID>
<ownerDesignName>Exp2_S5</ownerDesignName>
<useDomainConstraints>false</useDomainConstraints>
<use>1</use>
<logicalDatatype>LOGDT024</logicalDatatype>
<dataTypeSize>16 BYTE</dataTypeSize>
<ownDataTypeParameters>16 BYTE,,</ownDataTypeParameters>
<autoIncrementCycle>false</autoIncrementCycle>
</Column>
<Column name="segundo_nombre" id="A202A92D-39D0-00E6-B1C1-F4828CA67062">
<createdBy>nicolas</createdBy>
<createdTime>2024-09-08 13:03:04 UTC</createdTime>
<generatorID>52ADB8EC-9D99-9213-F65C-8ED8301B8A24</generatorID>
<ownerDesignName>Exp2_S5</ownerDesignName>
<nullsAllowed>true</nullsAllowed>
<useDomainConstraints>false</useDomainConstraints>
<use>1</use>
<logicalDatatype>LOGDT024</logicalDatatype>
<dataTypeSize>16 BYTE</dataTypeSize>
<ownDataTypeParameters>16 BYTE,,</ownDataTypeParameters>
<autoIncrementCycle>false</autoIncrementCycle>
</Column>
<Column name="direccion" id="931D293B-CE67-E88E-7FBC-D10D2FBF405C">
<createdBy>nicolas</createdBy>
<createdTime>2024-09-08 13:03:04 UTC</createdTime>
<generatorID>FBC6FFF9-A405-40D9-4FD3-7A8DC70E43E7</generatorID>
<ownerDesignName>Exp2_S5</ownerDesignName>
<useDomainConstraints>false</useDomainConstraints>
<use>1</use>
<logicalDatatype>LOGDT024</logicalDatatype>
<dataTypeSize>100 BYTE</dataTypeSize>
<ownDataTypeParameters>100 BYTE,,</ownDataTypeParameters>
<autoIncrementCycle>false</autoIncrementCycle>
</Column>
<Column name="telefono_contacto" id="052E4132-3E53-8AB1-7013-39FF630901BB">
<createdBy>nicolas</createdBy>
<createdTime>2024-09-08 13:03:04 UTC</createdTime>
<generatorID>1FE90053-D114-6118-4189-C9C53C59612B</generatorID>
<ownerDesignName>Exp2_S5</ownerDesignName>
<useDomainConstraints>false</useDomainConstraints>
<use>1</use>
<logicalDatatype>LOGDT019</logicalDatatype>
<dataTypePrecision>9</dataTypePrecision>
<ownDataTypeParameters>,9,</ownDataTypeParameters>
<autoIncrementCycle>false</autoIncrementCycle>
</Column>
<Column name="correo_electronico" id="AB1872D5-EFB5-B395-A996-89F709A96D2A">
<createdBy>nicolas</createdBy>
<createdTime>2024-09-08 13:03:04 UTC</createdTime>
<generatorID>42E89D7C-9EF0-DC11-9206-9406E337F7F9</generatorID>
<ownerDesignName>Exp2_S5</ownerDesignName>
<useDomainConstraints>false</useDomainConstraints>
<use>1</use>
<logicalDatatype>LOGDT024</logicalDatatype>
<dataTypeSize>20 BYTE</dataTypeSize>
<ownDataTypeParameters>20 BYTE,,</ownDataTypeParameters>
<autoIncrementCycle>false</autoIncrementCycle>
</Column>
</columns>
<indexes itemClass="oracle.dbtools.crest.model.design.relational.Index">
<ind_PK_UK id="2F807179-3C84-8048-88E9-4202C07A53A5" name="CLIENTE_PK">
<createdBy>nicolas</createdBy>
<createdTime>2024-09-08 13:03:04 UTC</createdTime>
<generatorID>4474E7E5-0B64-8D3B-6A9E-5D2226C3870B</generatorID>
<ownerDesignName>Exp2_S5</ownerDesignName>
<pk>true</pk>
<indexState>Primary Constraint</indexState>
<isSurrogateKey>false</isSurrogateKey>
<indexColumnUsage>
<colUsage columnID="F374D936-698B-B9B8-1C45-FA78AA77036C"/>
</indexColumnUsage>
</ind_PK_UK>
</indexes>
</Table>