<?xml version = '1.0' encoding = 'UTF-8'?>
<Table class="oracle.dbtools.crest.model.design.relational.Table" directorySegmentName="seg_0" id="F2C19DD9-D600-971B-7045-7B71ADA09B1E" name="SEGUIMIENTO">
<createdBy>nicolas</createdBy>
<createdTime>2024-09-08 13:03:04 UTC</createdTime>
<generatorID>E772D54F-D2CC-CFFB-DC01-4AC1C12CAE8F</generatorID>
<ownerDesignName>Exp2_S5</ownerDesignName>
<allowColumnReorder>false</allowColumnReorder>
<existDependencyGenerateInDDl>true</existDependencyGenerateInDDl>
<parsed>true</parsed>
<columns itemClass="oracle.dbtools.crest.model.design.relational.Column">
<Column name="cod_seguimiento" id="0E141E6E-0C91-ACAC-DD62-0AC945739EAF">
<createdBy>nicolas</createdBy>
<createdTime>2024-09-08 13:03:04 UTC</createdTime>
<generatorID>B1B5A760-A464-1178-C7E2-903471D5A1E5</generatorID>
<ownerDesignName>Exp2_S5</ownerDesignName>
<useDomainConstraints>false</useDomainConstraints>
<use>1</use>
<logicalDatatype>LOGDT025</logicalDatatype>
<dataTypeSize>10 CHAR</dataTypeSize>
<ownDataTypeParameters>10 CHAR,,</ownDataTypeParameters>
<autoIncrementCycle>false</autoIncrementCycle>
</Column>
<Column name="fecha_actualizacion" id="838C148C-A78E-9408-0F6F-42A7A1D41491">
<createdBy>nicolas</createdBy>
<createdTime>2024-09-08 13:03:04 UTC</createdTime>
<generatorID>56D7CF7F-BAF1-193D-EDDC-F22810C7CEAB</generatorID>
<ownerDesignName>Exp2_S5</ownerDesignName>
<useDomainConstraints>false</useDomainConstraints>
<use>1</use>
<logicalDatatype>LOGDT007</logicalDatatype>
<ownDataTypeParameters>,,</ownDataTypeParameters>
<autoIncrementCycle>false</autoIncrementCycle>
</Column>
<Column name="ORDEN_cod_orden" id="F5ECE313-6A5E-0047-8D14-20DE910A4A87">
<createdBy>nicolas</createdBy>
<createdTime>2024-09-08 13:03:04 UTC</createdTime>
<generatorID>8607E3F2-ECB6-81CC-4139-06241ED0286A</generatorID>
<ownerDesignName>Exp2_S5</ownerDesignName>
<useDomainConstraints>false</useDomainConstraints>
<use>1</use>
<logicalDatatype>LOGDT025</logicalDatatype>
<dataTypeSize>10 CHAR</dataTypeSize>
<ownDataTypeParameters>10 CHAR,,</ownDataTypeParameters>
<previousColumn>false</previousColumn>
<autoIncrementCycle>false</autoIncrementCycle>
<associations>
<colAssociation fkAssociation="48E415EB-6D53-4558-6EC2-ED3AAE36C71A" referredColumn="775F8254-E949-A9AA-6B2B-0790399E1C8C"/>
</associations>
</Column>
<Column name="ORDEN_VEHICULO_patente" id="D4D36321-0C72-F381-06E9-A160FC524792">
<createdBy>nicolas</createdBy>
<createdTime>2024-09-08 13:18:18 UTC</createdTime>
<generatorID>21F16FD2-B902-F558-9E21-54FB124C0431</generatorID>
<ownerDesignName>Exp2_S5</ownerDesignName>
<useDomainConstraints>false</useDomainConstraints>
<use>1</use>
<logicalDatatype>LOGDT025</logicalDatatype>
<dataTypeSize>6 CHAR</dataTypeSize>
<ownDataTypeParameters>6 CHAR,,</ownDataTypeParameters>
<previousColumn>false</previousColumn>
<autoIncrementCycle>false</autoIncrementCycle>
<associations>
<colAssociation fkAssociation="48E415EB-6D53-4558-6EC2-ED3AAE36C71A" referredColumn="92B7B109-FFB8-8B3F-3CBD-22713326C4D9"/>
</associations>
</Column>
<Column name="ORDEN_VEHICULO_CLIENTE_rut" id="3F456769-45F5-4352-13F0-879B1864ED62">
<createdBy>nicolas</createdBy>
<createdTime>2024-09-08 21:13:58 UTC</createdTime>
<generatorID>0E2F9873-9A7C-7EA2-D10F-9544868FB101</generatorID>
<ownerDesignName>Exp2_S5</ownerDesignName>
<useDomainConstraints>false</useDomainConstraints>
<use>1</use>
<logicalDatatype>LOGDT025</logicalDatatype>
<dataTypeSize>9 CHAR</dataTypeSize>
<ownDataTypeParameters>9 CHAR,,</ownDataTypeParameters>
<previousColumn>false</previousColumn>
<autoIncrementCycle>false</autoIncrementCycle>
<associations>
<colAssociation fkAssociation="48E415EB-6D53-4558-6EC2-ED3AAE36C71A" referredColumn="9CE811A4-5E9F-E13A-CDA7-462C6918D63E"/>
</associations>
</Column>
</columns>
<indexes itemClass="oracle.dbtools.crest.model.design.relational.Index">
<ind_PK_UK id="855C2946-46FE-7576-A114-500F0594F7F3" name="SEGUIMIENTO_PK">
<createdBy>nicolas</createdBy>
<createdTime>2024-09-08 13:03:04 UTC</createdTime>
<generatorID>21E97C58-C88B-166B-1FF3-25D5F2994516</generatorID>
<ownerDesignName>Exp2_S5</ownerDesignName>
<pk>true</pk>
<indexState>Primary Constraint</indexState>
<isSurrogateKey>false</isSurrogateKey>
<indexColumnUsage>
<colUsage columnID="0E141E6E-0C91-ACAC-DD62-0AC945739EAF"/>
</indexColumnUsage>
</ind_PK_UK>
<ind_PK_UK id="45C41332-A329-4BC7-D071-BE731442121E" name="SEGUIMIENTO__IDX">
<createdBy>nicolas</createdBy>
<createdTime>2024-09-08 13:03:05 UTC</createdTime>
<ownerDesignName>Exp2_S5</ownerDesignName>
<indexState>Unique Plain Index</indexState>
<isSurrogateKey>false</isSurrogateKey>
<relationGeneratorID>2ECD0907-741A-9B60-001E-943F7CAD1376</relationGeneratorID>
<indexColumnUsage>
<colUsage columnID="F5ECE313-6A5E-0047-8D14-20DE910A4A87"/>
</indexColumnUsage>
</ind_PK_UK>
<ind_PK_UK id="1811F6F7-8F0C-A902-2183-3AFC044B306E" name="SEGUIMIENTO__IDX">
<createdBy>nicolas</createdBy>
<createdTime>2024-09-08 13:18:18 UTC</createdTime>
<ownerDesignName>Exp2_S5</ownerDesignName>
<indexState>Unique Plain Index</indexState>
<isSurrogateKey>false</isSurrogateKey>
<relationGeneratorID>2ECD0907-741A-9B60-001E-943F7CAD1376</relationGeneratorID>
<indexColumnUsage>
<colUsage columnID="F5ECE313-6A5E-0047-8D14-20DE910A4A87"/>
<colUsage columnID="D4D36321-0C72-F381-06E9-A160FC524792"/>
</indexColumnUsage>
</ind_PK_UK>
<ind_PK_UK id="E9E4AB74-8A2E-29BF-A260-4B3F0B5E8058" name="SEGUIMIENTO__IDX">
<createdBy>nicolas</createdBy>
<createdTime>2024-09-08 21:13:58 UTC</createdTime>
<ownerDesignName>Exp2_S5</ownerDesignName>
<indexState>Unique Plain Index</indexState>
<isSurrogateKey>false</isSurrogateKey>
<relationGeneratorID>2ECD0907-741A-9B60-001E-943F7CAD1376</relationGeneratorID>
<indexColumnUsage>
<colUsage columnID="F5ECE313-6A5E-0047-8D14-20DE910A4A87"/>
<colUsage columnID="D4D36321-0C72-F381-06E9-A160FC524792"/>
<colUsage columnID="3F456769-45F5-4352-13F0-879B1864ED62"/>
</indexColumnUsage>
</ind_PK_UK>
<ind_PK_UK id="E7033A67-DDEA-FB98-40CC-9D2158207EED" name="SEGUIMIENTO_ORDEN_FK">
<createdBy>nicolas</createdBy>
<createdTime>2024-09-10 00:09:54 UTC</createdTime>
<generatorID>2ECD0907-741A-9B60-001E-943F7CAD1376</generatorID>
<ownerDesignName>Exp2_S5</ownerDesignName>
<indexState>Foreign Key</indexState>
<isSurrogateKey>false</isSurrogateKey>
<indexColumnUsage>
<colUsage columnID="F5ECE313-6A5E-0047-8D14-20DE910A4A87"/>
<colUsage columnID="D4D36321-0C72-F381-06E9-A160FC524792"/>
<colUsage columnID="3F456769-45F5-4352-13F0-879B1864ED62"/>
</indexColumnUsage>
</ind_PK_UK>
</indexes>
</Table>