<?xml version = '1.0' encoding = 'UTF-8'?>
<Table class="oracle.dbtools.crest.model.design.relational.Table" directorySegmentName="seg_0" id="F515BD5B-CD36-52E7-2ED6-ADF4A4436882" name="ESTADO">
<createdBy>nicolas</createdBy>
<createdTime>2024-09-08 13:03:04 UTC</createdTime>
<generatorID>6704EF1E-6937-C65B-7C62-D7A519AB891F</generatorID>
<ownerDesignName>Exp2_S5</ownerDesignName>
<allowColumnReorder>false</allowColumnReorder>
<existDependencyGenerateInDDl>true</existDependencyGenerateInDDl>
<parsed>true</parsed>
<columns itemClass="oracle.dbtools.crest.model.design.relational.Column">
<Column name="cod_estado" id="6DC993F1-4365-1774-1C42-6748A8D31A15">
<createdBy>nicolas</createdBy>
<createdTime>2024-09-08 13:03:04 UTC</createdTime>
<generatorID>AF6EB0A5-46A5-6B02-A4DA-DBC837B88F4F</generatorID>
<ownerDesignName>Exp2_S5</ownerDesignName>
<useDomainConstraints>false</useDomainConstraints>
<use>1</use>
<logicalDatatype>LOGDT025</logicalDatatype>
<dataTypeSize>10 CHAR</dataTypeSize>
<ownDataTypeParameters>10 CHAR,,</ownDataTypeParameters>
<autoIncrementCycle>false</autoIncrementCycle>
</Column>
<Column name="estado" id="4BF145B1-4B15-7A43-711B-B7B3852C1CBC">
<createdBy>nicolas</createdBy>
<createdTime>2024-09-08 13:03:04 UTC</createdTime>
<generatorID>AF5E782A-CA6E-A107-EEBE-CE756D489311</generatorID>
<ownerDesignName>Exp2_S5</ownerDesignName>
<useDomainConstraints>false</useDomainConstraints>
<use>1</use>
<logicalDatatype>LOGDT025</logicalDatatype>
<dataTypeSize>3 CHAR</dataTypeSize>
<ownDataTypeParameters>3 CHAR,,</ownDataTypeParameters>
<autoIncrementCycle>false</autoIncrementCycle>
</Column>
<Column name="SEGUIMIENTO_cod_seguimiento" id="41B34090-C69D-C273-DB38-BC00622653AA">
<createdBy>nicolas</createdBy>
<createdTime>2024-09-08 13:03:04 UTC</createdTime>
<generatorID>0F181F57-458E-12A8-BCE1-9A0B6EA53E32</generatorID>
<ownerDesignName>Exp2_S5</ownerDesignName>
<useDomainConstraints>false</useDomainConstraints>
<use>1</use>
<logicalDatatype>LOGDT025</logicalDatatype>
<dataTypeSize>10 CHAR</dataTypeSize>
<ownDataTypeParameters>,,</ownDataTypeParameters>
<previousColumn>false</previousColumn>
<autoIncrementCycle>false</autoIncrementCycle>
<associations>
<colAssociation fkAssociation="54E448F0-0308-D413-E4B3-0596F1A496AA" referredColumn="0E141E6E-0C91-ACAC-DD62-0AC945739EAF"/>
</associations>
</Column>
</columns>
<indexes itemClass="oracle.dbtools.crest.model.design.relational.Index">
<ind_PK_UK id="271CF726-BBCA-763A-B7E6-53E76AC86AA3" name="ESTADO_PK">
<createdBy>nicolas</createdBy>
<createdTime>2024-09-08 13:03:04 UTC</createdTime>
<generatorID>A1DDA701-0259-9F3A-663D-572E3BA033CD</generatorID>
<ownerDesignName>Exp2_S5</ownerDesignName>
<pk>true</pk>
<indexState>Primary Constraint</indexState>
<isSurrogateKey>false</isSurrogateKey>
<indexColumnUsage>
<colUsage columnID="6DC993F1-4365-1774-1C42-6748A8D31A15"/>
<colUsage columnID="41B34090-C69D-C273-DB38-BC00622653AA"/>
</indexColumnUsage>
</ind_PK_UK>
<ind_PK_UK id="9B27F138-75AB-8CB8-68E7-013D326500E4" name="ESTADO_SEGUIMIENTO_FK">
<createdBy>nicolas</createdBy>
<createdTime>2024-09-08 13:03:05 UTC</createdTime>
<generatorID>A7118D07-3AFD-C8A9-26CC-191DFDCCD255</generatorID>
<ownerDesignName>Exp2_S5</ownerDesignName>
<indexState>Foreign Key</indexState>
<isSurrogateKey>false</isSurrogateKey>
<indexColumnUsage>
<colUsage columnID="41B34090-C69D-C273-DB38-BC00622653AA"/>
</indexColumnUsage>
</ind_PK_UK>
</indexes>
</Table>